state,decision,method,path,router,reason
quarantine,verificare,GET,/api/bilancio/confronto-annuale,accounting.bilancio,nessun riferimento noto (FE/scheduler/chat/test): verificare prima di deprecare
active,tenere,GET,/api/bilancio/conto-economico,accounting.bilancio,in uso: FE
quarantine,verificare,GET,/api/bilancio/conto-economico-dettagliato,accounting.bilancio,nessun riferimento noto (FE/scheduler/chat/test): verificare prima di deprecare
active,tenere,GET,/api/bilancio/export-pdf,accounting.bilancio,in uso: FE
active,tenere,GET,/api/bilancio/export/pdf/confronto,accounting.bilancio,in uso: FE
active,tenere,GET,/api/bilancio/riepilogo,accounting.bilancio,in uso: chat
active,tenere,GET,/api/bilancio/stato-patrimoniale,accounting.bilancio,in uso: FE
active,tenere,GET,/api/centri-costo,accounting.centri_costo,in uso: FE
active,tenere,POST,/api/centri-costo,accounting.centri_costo,in uso: FE
quarantine,verificare,POST,/api/centri-costo/assegna-cdc-fatture,accounting.centri_costo,nessun riferimento noto (FE/scheduler/chat/test): verificare prima di deprecare
quarantine,verificare,GET,/api/centri-costo/mapping-categorie,accounting.centri_costo,nessun riferimento noto (FE/scheduler/chat/test): verificare prima di deprecare
quarantine,verificare,POST,/api/centri-costo/ribaltamento/calcola,accounting.centri_costo,nessun riferimento noto (FE/scheduler/chat/test): verificare prima di deprecare
quarantine,verificare,POST,/api/centri-costo/ribaltamento/quote-ricavo,accounting.centri_costo,nessun riferimento noto (FE/scheduler/chat/test): verificare prima di deprecare
active,tenere,GET,/api/centri-costo/utile-obiettivo,accounting.centri_costo,in uso: FE
active,tenere,POST,/api/centri-costo/utile-obiettivo,accounting.centri_costo,in uso: FE
active,tenere,GET,/api/centri-costo/utile-obiettivo/per-cdc,accounting.centri_costo,in uso: FE
active,tenere,GET,/api/centri-costo/utile-obiettivo/suggerimenti,accounting.centri_costo,in uso: FE
active,tenere,GET,/api/contabilita/aliquote-irap,accounting.contabilita_avanzata,in uso: FE
active,tenere,GET,/api/contabilita/bilancio-dettagliato,accounting.contabilita_avanzata,in uso: FE
active,tenere,GET,/api/contabilita/calcolo-imposte,accounting.contabilita_avanzata,in uso: FE
quarantine,verificare,GET,/api/contabilita/categorizzazione-preview,accounting.contabilita_avanzata,nessun riferimento noto (FE/scheduler/chat/test): verificare prima di deprecare
active,tenere,GET,/api/contabilita/export/pdf-dichiarazione,accounting.contabilita_avanzata,in uso: FE
quarantine,admin-only,POST,/api/contabilita/inizializza-piano-esteso,accounting.contabilita_avanzata,"endpoint di migrazione/manutenzione one-shot: tenere ma Admin-only, disabilitabile, documentato, non esposto a lungo (§7)"
quarantine,verificare,GET,/api/contabilita/piano-conti-esteso,accounting.contabilita_avanzata,nessun riferimento noto (FE/scheduler/chat/test): verificare prima di deprecare
active,tenere,POST,/api/contabilita/ricategorizza-fatture,accounting.contabilita_avanzata,in uso: FE
active,tenere,GET,/api/contabilita/statistiche-categorizzazione,accounting.contabilita_avanzata,in uso: FE
active,tenere,GET,/api/contabilita-gestionale/bilancio-verifica,accounting.contabilita_gestionale,in uso: FE
active,tenere,POST,/api/contabilita-gestionale/budget,accounting.contabilita_gestionale,in uso: FE
active,tenere,GET,/api/contabilita-gestionale/budget-vs-consuntivo/{anno},accounting.contabilita_gestionale,in uso: FE
active,tenere,POST,/api/contabilita-gestionale/budget/duplica/{anno_origine}/{anno_destinazione},accounting.contabilita_gestionale,in uso: FE
active,tenere,GET,/api/contabilita-gestionale/budget/{anno},accounting.contabilita_gestionale,in uso: FE
active,tenere,DELETE,/api/contabilita-gestionale/budget/{anno}/{voce},accounting.contabilita_gestionale,in uso: FE
active,tenere,GET,/api/contabilita-gestionale/libro-giornale,accounting.contabilita_gestionale,in uso: FE
active,tenere,GET,/api/contabilita-gestionale/libro-giornale/controllo-60-giorni,accounting.contabilita_gestionale,in uso: FE
active,tenere,GET,/api/contabilita-gestionale/libro-giornale/export,accounting.contabilita_gestionale,in uso: FE
active,tenere,POST,/api/contabilita-gestionale/libro-giornale/import,accounting.contabilita_gestionale,in uso: FE
active,tenere,GET,/api/contabilita-gestionale/libro-mastro,accounting.contabilita_gestionale,in uso: FE
quarantine,verificare,GET,/api/contabilita-gestionale/partitario/clienti,accounting.contabilita_gestionale,nessun riferimento noto (FE/scheduler/chat/test): verificare prima di deprecare
quarantine,verificare,GET,/api/contabilita-gestionale/partitario/fornitori,accounting.contabilita_gestionale,nessun riferimento noto (FE/scheduler/chat/test): verificare prima di deprecare
quarantine,verificare,GET,/api/contabilita-gestionale/partitario/fornitori/{piva},accounting.contabilita_gestionale,nessun riferimento noto (FE/scheduler/chat/test): verificare prima di deprecare
active,tenere,GET,/api/piano-conti/,accounting.piano_conti,in uso: FE
active,tenere,POST,/api/piano-conti/,accounting.piano_conti,in uso: FE
active,tenere,GET,/api/piano-conti/bilancio,accounting.piano_conti,in uso: FE
active,tenere,GET,/api/piano-conti/conto/{codice}/movimenti,accounting.piano_conti,in uso: FE
active,tenere,GET,/api/piano-conti/movimenti,accounting.piano_conti,in uso: FE
active,tenere,POST,/api/piano-conti/registra-corrispettivi,accounting.piano_conti,in uso: FE
active,tenere,POST,/api/piano-conti/registra-fattura,accounting.piano_conti,in uso: FE
active,tenere,POST,/api/piano-conti/registra-tutte-fatture,accounting.piano_conti,in uso: FE
active,tenere,GET,/api/piano-conti/regole,accounting.piano_conti,in uso: FE
active,tenere,POST,/api/piano-conti/regole,accounting.piano_conti,in uso: FE
active,tenere,DELETE,/api/piano-conti/{conto_id},accounting.piano_conti,in uso: FE
active,tenere,PUT,/api/piano-conti/{conto_id},accounting.piano_conti,in uso: FE
quarantine,verificare,POST,/api/prima-nota-salari/consolida-record,accounting.prima_nota_salari,nessun riferimento noto (FE/scheduler/chat/test): verificare prima di deprecare
active,tenere,GET,/api/prima-nota-salari/dipendenti-lista,accounting.prima_nota_salari,in uso: FE
active,tenere,GET,/api/prima-nota-salari/export-appdipendenti/download,accounting.prima_nota_salari,in uso: FE
active,tenere,GET,/api/prima-nota-salari/export-appdipendenti/preview,accounting.prima_nota_salari,in uso: FE
quarantine,verificare,GET,/api/prima-nota-salari/export-excel,accounting.prima_nota_salari,nessun riferimento noto (FE/scheduler/chat/test): verificare prima di deprecare
active,tenere,POST,/api/prima-nota-salari/import-bonifici,accounting.prima_nota_salari,in uso: FE
active,tenere,POST,/api/prima-nota-salari/import-paghe,accounting.prima_nota_salari,in uso: FE
quarantine,verificare,DELETE,/api/prima-nota-salari/pulisci-righe-vuote,accounting.prima_nota_salari,nessun riferimento noto (FE/scheduler/chat/test): verificare prima di deprecare
active,tenere,POST,/api/prima-nota-salari/ricalcola-progressivi,accounting.prima_nota_salari,in uso: FE
active,tenere,GET,/api/prima-nota-salari/salari,accounting.prima_nota_salari,in uso: FE
active,tenere,POST,/api/prima-nota-salari/salari/aggiustamento,accounting.prima_nota_salari,in uso: FE
quarantine,admin-only,DELETE,/api/prima-nota-salari/salari/reset,accounting.prima_nota_salari,"endpoint di migrazione/manutenzione one-shot: tenere ma Admin-only, disabilitabile, documentato, non esposto a lungo (§7)"
active,tenere,GET,/api/prima-nota-salari/salari/riepilogo,accounting.prima_nota_salari,in uso: FE
active,tenere,DELETE,/api/prima-nota-salari/salari/{record_id},accounting.prima_nota_salari,in uso: FE
active,tenere,PUT,/api/prima-nota-salari/salari/{record_id},accounting.prima_nota_salari,in uso: FE
active,tenere,GET,/api/prima-nota-salari/salari/{record_id}/bonifico-pdf,accounting.prima_nota_salari,in uso: FE
active,tenere,POST,/api/prima-nota-salari/salari/{record_id}/bonifico-pdf,accounting.prima_nota_salari,in uso: FE
active,tenere,GET,/api/prima-nota-salari/salari/{record_id}/cedolino-pdf,accounting.prima_nota_salari,in uso: FE
active,tenere,POST,/api/prima-nota-salari/salari/{record_id}/cedolino-pdf,accounting.prima_nota_salari,in uso: FE
active,tenere,PUT,/api/prima-nota-salari/salari/{record_id}/riconcilia,accounting.prima_nota_salari,in uso: FE
active,tenere,GET,/api/regole,accounting.regole_categorizzazione,in uso: FE
active,tenere,POST,/api/regole/categorie,accounting.regole_categorizzazione,in uso: FE
active,tenere,POST,/api/regole/descrizione,accounting.regole_categorizzazione,in uso: FE
active,tenere,GET,/api/regole/download-regole,accounting.regole_categorizzazione,in uso: FE
active,tenere,DELETE,/api/regole/elimina/{tipo}/{pattern},accounting.regole_categorizzazione,in uso: FE
active,tenere,POST,/api/regole/fornitore,accounting.regole_categorizzazione,in uso: FE
active,tenere,POST,/api/regole/upload-regole,accounting.regole_categorizzazione,in uso: FE
active,tenere,GET,/api/admin/bank-supplier-rules,admin,in uso: FE
active,tenere,POST,/api/admin/bank-supplier-rules,admin,in uso: FE
active,tenere,POST,/api/admin/bank-supplier-rules/reprocess/{year},admin,in uso: FE
active,tenere,DELETE,/api/admin/bank-supplier-rules/{rule_id},admin,in uso: FE
quarantine,admin-only,DELETE,/api/admin/cleanup-trattenute-disciplinari,admin,"endpoint di migrazione/manutenzione one-shot: tenere ma Admin-only, disabilitabile, documentato, non esposto a lungo (§7)"
quarantine,verificare,GET,/api/admin/collections,admin,nessun riferimento noto (FE/scheduler/chat/test): verificare prima di deprecare
active,tenere,GET,/api/admin/dashboard-summary,admin,in uso: FE
active,tenere,GET,/api/admin/registro-dati/config,admin,in uso: FE
active,tenere,POST,/api/admin/registro-dati/config,admin,in uso: FE
active,tenere,GET,/api/admin/registro-dati/duplicate-audit,admin,in uso: FE
active,tenere,POST,/api/admin/registro-dati/duplicate-audit-folders,admin,in uso: FE
quarantine,admin-only,POST,/api/admin/registro-dati/duplicate-cleanup-folders,admin,"endpoint di migrazione/manutenzione one-shot: tenere ma Admin-only, disabilitabile, documentato, non esposto a lungo (§7)"
active,tenere,POST,/api/admin/registro-dati/jobs/{action},admin,in uso: FE
active,tenere,GET,/api/admin/registro-dati/jobs/{job_id},admin,in uso: FE
active,tenere,GET,/api/admin/registro-dati/manifest,admin,in uso: FE
quarantine,admin-only,GET,/api/admin/registro-dati/migration-audit,admin,"endpoint di migrazione/manutenzione one-shot: tenere ma Admin-only, disabilitabile, documentato, non esposto a lungo (§7)"
active,tenere,POST,/api/admin/registro-dati/restore,admin,in uso: FE
active,tenere,POST,/api/admin/registro-dati/sync,admin,in uso: FE
quarantine,admin-only,POST,/api/admin/noleggio/backfill-dati-gestionali,admin,"endpoint di migrazione/manutenzione one-shot: tenere ma Admin-only, disabilitabile, documentato, non esposto a lungo (§7)"
quarantine,admin-only,POST,/api/admin/reset-collections,admin,"endpoint di migrazione/manutenzione one-shot: tenere ma Admin-only, disabilitabile, documentato, non esposto a lungo (§7)"
active,tenere,GET,/api/admin/stats,admin,in uso: FE
quarantine,verificare,GET,/api/admin/year-opening-balances/{year},admin,nessun riferimento noto (FE/scheduler/chat/test): verificare prima di deprecare
quarantine,verificare,PUT,/api/admin/year-opening-balances/{year},admin,nessun riferimento noto (FE/scheduler/chat/test): verificare prima di deprecare
quarantine,verificare,GET,/api/admin/export,admin_export,nessun riferimento noto (FE/scheduler/chat/test): verificare prima di deprecare
quarantine,verificare,GET,/api/admin/export/{filename},admin_export,nessun riferimento noto (FE/scheduler/chat/test): verificare prima di deprecare
active,tenere,POST,/api/admin/rollback/fatture-import/conta,admin_rollback,in uso: FE
active,tenere,POST,/api/admin/rollback/fatture-import/elimina,admin_rollback,in uso: FE
active,tenere,POST,/api/admin/rollback/fatture/azzera-tutto,admin_rollback,in uso: FE
active,tenere,GET,/api/admin/rollback/fatture/azzera-tutto/conta,admin_rollback,in uso: FE
active,tenere,GET,/api/admin/rollback/sezioni,admin_rollback,in uso: FE
active,tenere,DELETE,/api/admin/rollback/{sezione},admin_rollback,in uso: FE
active,tenere,GET,/api/admin/rollback/{sezione}/conta,admin_rollback,in uso: FE
active,tenere,POST,/api/agenti/automazioni/ferma,agenti,in uso: FE
active,tenere,POST,/api/agenti/automazioni/riprendi,agenti,in uso: FE
active,tenere,GET,/api/agenti/automazioni/stato,agenti,in uso: FE
active,tenere,GET,/api/agenti/cash-flow-13-settimane,agenti,in uso: FE
active,tenere,GET,/api/agenti/decisioni,agenti,in uso: FE
active,tenere,POST,/api/agenti/decisioni/{decision_id}/approva,agenti,in uso: FE
active,tenere,GET,/api/agenti/decisioni/{decision_id}/eventi,agenti,in uso: FE
active,tenere,POST,/api/agenti/decisioni/{decision_id}/rifiuta,agenti,in uso: FE
active,tenere,GET,/api/agenti/pattern-appresi,agenti,in uso: FE
quarantine,verificare,POST,/api/agenti/run,agenti,nessun riferimento noto (FE/scheduler/chat/test): verificare prima di deprecare
active,tenere,GET,/api/agenti/segnalazioni,agenti,in uso: FE
active,tenere,GET,/api/agenti/segnalazioni/count,agenti,in uso: FE
active,tenere,GET,/api/agenti/segnalazioni/summary,agenti,in uso: FE
active,tenere,PUT,/api/agenti/segnalazioni/{sid}/letta,agenti,in uso: FE
active,tenere,PUT,/api/agenti/segnalazioni/{sid}/risolta,agenti,in uso: FE
active,tenere,GET,/api/agenti/stato,agenti,in uso: FE
quarantine,verificare,POST,/api/ai-parser/batch-parse,ai_parser,nessun riferimento noto (FE/scheduler/chat/test): verificare prima di deprecare
quarantine,verificare,GET,/api/ai-parser/da-rivedere,ai_parser,nessun riferimento noto (FE/scheduler/chat/test): verificare prima di deprecare
quarantine,verificare,POST,/api/ai-parser/da-rivedere/process-batch,ai_parser,nessun riferimento noto (FE/scheduler/chat/test): verificare prima di deprecare
quarantine,verificare,PUT,/api/ai-parser/da-rivedere/{document_id}/classifica,ai_parser,nessun riferimento noto (FE/scheduler/chat/test): verificare prima di deprecare
quarantine,verificare,POST,/api/ai-parser/parse,ai_parser,nessun riferimento noto (FE/scheduler/chat/test): verificare prima di deprecare
quarantine,verificare,POST,/api/ai-parser/parse-busta-paga,ai_parser,nessun riferimento noto (FE/scheduler/chat/test): verificare prima di deprecare
quarantine,verificare,POST,/api/ai-parser/parse-f24,ai_parser,nessun riferimento noto (FE/scheduler/chat/test): verificare prima di deprecare
quarantine,verificare,POST,/api/ai-parser/parse-fattura,ai_parser,nessun riferimento noto (FE/scheduler/chat/test): verificare prima di deprecare
active,tenere,POST,/api/ai-parser/process-email-batch,ai_parser,in uso: FE
quarantine,verificare,GET,/api/ai-parser/statistiche,ai_parser,nessun riferimento noto (FE/scheduler/chat/test): verificare prima di deprecare
quarantine,verificare,GET,/api/ai-parser/test,ai_parser,nessun riferimento noto (FE/scheduler/chat/test): verificare prima di deprecare
quarantine,verificare,GET,/api/alerts/fornitori-senza-metodo,alerts,nessun riferimento noto (FE/scheduler/chat/test): verificare prima di deprecare
active,tenere,GET,/api/alerts/lista,alerts,in uso: FE
quarantine,verificare,POST,/api/alerts/risolvi-fornitore/{fornitore_piva},alerts,nessun riferimento noto (FE/scheduler/chat/test): verificare prima di deprecare
active,tenere,GET,/api/alerts/summary,alerts,in uso: FE
quarantine,verificare,DELETE,/api/alerts/{alert_id},alerts,nessun riferimento noto (FE/scheduler/chat/test): verificare prima di deprecare
active,tenere,POST,/api/alerts/{alert_id}/risolvi,alerts,in uso: scheduler
quarantine,verificare,POST,/api/alerts/{alert_id}/segna-letto,alerts,nessun riferimento noto (FE/scheduler/chat/test): verificare prima di deprecare
active,tenere,POST,/api/anagrafica-fornitori/popola-fornitore/{fornitore_id},anagrafica_fornitori_xml,in uso: FE
active,tenere,POST,/api/anagrafica-fornitori/popola-tutti,anagrafica_fornitori_xml,in uso: FE
active,tenere,POST,/api/auth/login,auth,in uso: FE
active,tenere,POST,/api/auth/logout,auth,in uso: FE
active,tenere,GET,/api/auth/verify,auth,in uso: FE
active,tenere,POST,/api/auto-repair/collega-targa-driver,auto_repair,"in uso: FE, scheduler"
active,tenere,POST,/api/auto-repair/inferisci-targa-driver-da-fatture,auto_repair,"in uso: FE, scheduler"
active,tenere,GET,/api/assegni,bank.assegni,in uso: FE
active,tenere,GET,/api/assegni/ambigui,bank.assegni,in uso: FE
active,tenere,POST,/api/assegni/associa-beneficiari-robusto,bank.assegni,in uso: FE
active,tenere,POST,/api/assegni/associa-pagamenti-multipli,bank.assegni,in uso: FE
active,tenere,POST,/api/assegni/auto-associa,bank.assegni,in uso: FE
active,tenere,POST,/api/assegni/auto-match,bank.assegni,in uso: FE
active,tenere,POST,/api/assegni/auto-match/conferma,bank.assegni,in uso: FE
active,tenere,POST,/api/assegni/cerca-combinazioni-assegni,bank.assegni,in uso: FE
active,tenere,DELETE,/api/assegni/clear-generated,bank.assegni,in uso: FE
active,tenere,POST,/api/assegni/conferma-proposta/{proposta_id},bank.assegni,in uso: FE
active,tenere,PUT,/api/assegni/correggi-associazione/{assegno_id},bank.assegni,in uso: FE
active,tenere,POST,/api/assegni/correggi-numeri,bank.assegni,in uso: FE
active,tenere,POST,/api/assegni/genera,bank.assegni,in uso: FE
active,tenere,GET,/api/assegni/preview-combinazioni,bank.assegni,in uso: FE
active,tenere,GET,/api/assegni/proposte-associazione,bank.assegni,in uso: FE
active,tenere,POST,/api/assegni/pulisci-beneficiari-fittizi,bank.assegni,in uso: FE
active,tenere,POST,/api/assegni/ricostruisci-dati,bank.assegni,in uso: FE
active,tenere,POST,/api/assegni/rifiuta-proposta/{proposta_id},bank.assegni,in uso: FE
active,tenere,POST,/api/assegni/riprocessa-collegamenti,bank.assegni,in uso: FE
active,tenere,GET,/api/assegni/senza-associazione,bank.assegni,in uso: FE
active,tenere,GET,/api/assegni/stati,bank.assegni,in uso: FE
active,tenere,GET,/api/assegni/stats,bank.assegni,in uso: FE
active,tenere,GET,/api/assegni/supporto/fatture-disponibili,bank.assegni,in uso: FE
active,tenere,POST,/api/assegni/sync-da-estratto-conto,bank.assegni,in uso: FE
active,tenere,GET,/api/assegni/verifica-associazioni,bank.assegni,in uso: FE
active,tenere,DELETE,/api/assegni/{assegno_id},bank.assegni,in uso: FE
active,tenere,GET,/api/assegni/{assegno_id},bank.assegni,in uso: FE
active,tenere,PUT,/api/assegni/{assegno_id},bank.assegni,in uso: FE
active,tenere,POST,/api/assegni/{assegno_id}/annulla,bank.assegni,in uso: FE
active,tenere,POST,/api/assegni/{assegno_id}/emetti,bank.assegni,in uso: FE
active,tenere,PUT,/api/assegni/{assegno_id}/fatture-collegate,bank.assegni,in uso: FE
active,tenere,POST,/api/assegni/{assegno_id}/incassa,bank.assegni,in uso: FE
active,tenere,POST,/api/assegni/{assegno_id}/risolvi-ambiguo,bank.assegni,in uso: FE
active,tenere,POST,/api/assegni/learning/associa-combinazioni-avanzato,bank.assegni_learning,in uso: FE
active,tenere,POST,/api/assegni/learning/associa-intelligente,bank.assegni_learning,in uso: FE
active,tenere,POST,/api/assegni/learning/learn,bank.assegni_learning,in uso: FE
quarantine,admin-only,POST,/api/assegni/learning/pulizia-duplicati,bank.assegni_learning,"endpoint di migrazione/manutenzione one-shot: tenere ma Admin-only, disabilitabile, documentato, non esposto a lungo (§7)"
active,tenere,GET,/api/assegni/learning/stats-avanzate,bank.assegni_learning,in uso: FE
active,tenere,GET,/api/assegni/learning/suggerimenti/{importo},bank.assegni_learning,in uso: FE
quarantine,admin-only,POST,/api/bank-statement/cleanup-duplicati,bank.bank_statement_import,"endpoint di migrazione/manutenzione one-shot: tenere ma Admin-only, disabilitabile, documentato, non esposto a lungo (§7)"
quarantine,admin-only,POST,/api/bank-statement/cleanup-duplicati-causale,bank.bank_statement_import,"endpoint di migrazione/manutenzione one-shot: tenere ma Admin-only, disabilitabile, documentato, non esposto a lungo (§7)"
quarantine,verificare,GET,/api/bank-statement/formati-supportati,bank.bank_statement_import,nessun riferimento noto (FE/scheduler/chat/test): verificare prima di deprecare
quarantine,verificare,POST,/api/bank-statement/import,bank.bank_statement_import,nessun riferimento noto (FE/scheduler/chat/test): verificare prima di deprecare
active,tenere,GET,/api/bank-statement/movements,bank.bank_statement_import,in uso: FE
quarantine,verificare,POST,/api/bank-statement/riconcilia-manuale,bank.bank_statement_import,nessun riferimento noto (FE/scheduler/chat/test): verificare prima di deprecare
quarantine,verificare,GET,/api/bank-statement/stats,bank.bank_statement_import,nessun riferimento noto (FE/scheduler/chat/test): verificare prima di deprecare
quarantine,verificare,POST,/api/archivio-bonifici/jobs/import,bank.bonifici_import_unificato,nessun riferimento noto (FE/scheduler/chat/test): verificare prima di deprecare
quarantine,verificare,GET,/api/estratto-conto-movimenti/categorie,bank.estratto_conto,nessun riferimento noto (FE/scheduler/chat/test): verificare prima di deprecare
quarantine,verificare,DELETE,/api/estratto-conto-movimenti/clear,bank.estratto_conto,nessun riferimento noto (FE/scheduler/chat/test): verificare prima di deprecare
quarantine,verificare,GET,/api/estratto-conto-movimenti/export-excel,bank.estratto_conto,nessun riferimento noto (FE/scheduler/chat/test): verificare prima di deprecare
quarantine,admin-only,POST,/api/estratto-conto-movimenti/force-reimport,bank.estratto_conto,"endpoint di migrazione/manutenzione one-shot: tenere ma Admin-only, disabilitabile, documentato, non esposto a lungo (§7)"
quarantine,verificare,GET,/api/estratto-conto-movimenti/fornitori,bank.estratto_conto,nessun riferimento noto (FE/scheduler/chat/test): verificare prima di deprecare
active,tenere,POST,/api/estratto-conto-movimenti/import,bank.estratto_conto,"in uso: FE, scheduler"
quarantine,verificare,GET,/api/estratto-conto-movimenti/movimenti,bank.estratto_conto,nessun riferimento noto (FE/scheduler/chat/test): verificare prima di deprecare
quarantine,verificare,GET,/api/estratto-conto-movimenti/movimenti-stipendi,bank.estratto_conto,nessun riferimento noto (FE/scheduler/chat/test): verificare prima di deprecare
quarantine,admin-only,POST,/api/estratto-conto-movimenti/pulizia-non-in-csv,bank.estratto_conto,"endpoint di migrazione/manutenzione one-shot: tenere ma Admin-only, disabilitabile, documentato, non esposto a lungo (§7)"
quarantine,admin-only,POST,/api/estratto-conto-movimenti/reimport,bank.estratto_conto,"endpoint di migrazione/manutenzione one-shot: tenere ma Admin-only, disabilitabile, documentato, non esposto a lungo (§7)"
active,tenere,POST,/api/estratto-conto-movimenti/ricategorizza-batch,bank.estratto_conto,in uso: FE
quarantine,verificare,POST,/api/estratto-conto-movimenti/riconcilia-stipendi,bank.estratto_conto,nessun riferimento noto (FE/scheduler/chat/test): verificare prima di deprecare
active,tenere,GET,/api/estratto-conto-movimenti/riepilogo,bank.estratto_conto,in uso: chat
active,tenere,POST,/api/estratto-conto-movimenti/ripara-versamenti-cassa,bank.estratto_conto,in uso: FE
quarantine,verificare,DELETE,/api/estratto-conto-movimenti/{movimento_id},bank.estratto_conto,nessun riferimento noto (FE/scheduler/chat/test): verificare prima di deprecare
quarantine,verificare,GET,/api/f24-riconciliazione/estratti-conto,bank.riconciliazione_f24_banca,nessun riferimento noto (FE/scheduler/chat/test): verificare prima di deprecare
quarantine,verificare,GET,/api/f24-riconciliazione/movimenti-f24-banca,bank.riconciliazione_f24_banca,nessun riferimento noto (FE/scheduler/chat/test): verificare prima di deprecare
quarantine,verificare,POST,/api/f24-riconciliazione/riconcilia-f24,bank.riconciliazione_f24_banca,nessun riferimento noto (FE/scheduler/chat/test): verificare prima di deprecare
quarantine,verificare,GET,/api/f24-riconciliazione/stato-riconciliazione,bank.riconciliazione_f24_banca,nessun riferimento noto (FE/scheduler/chat/test): verificare prima di deprecare
quarantine,verificare,POST,/api/f24-riconciliazione/upload-estratto-bpm,bank.riconciliazione_f24_banca,nessun riferimento noto (FE/scheduler/chat/test): verificare prima di deprecare
active,tenere,POST,/api/batch-reprocess/cedolini-only,batch_reprocessing,in uso: scheduler
active,tenere,POST,/api/batch-reprocess/f24-only,batch_reprocessing,in uso: scheduler
active,tenere,GET,/api/batch-reprocess/preview,batch_reprocessing,"in uso: FE, scheduler"
active,tenere,POST,/api/batch-reprocess/start,batch_reprocessing,"in uso: FE, scheduler"
active,tenere,GET,/api/batch-reprocess/status,batch_reprocessing,"in uso: FE, scheduler"
active,tenere,POST,/api/archivio-bonifici/associa-fattura,bonifici_module.associazioni,in uso: FE
active,tenere,POST,/api/archivio-bonifici/associa-salario,bonifici_module.associazioni,in uso: FE
quarantine,verificare,GET,/api/archivio-bonifici/dipendente/{dipendente_id},bonifici_module.associazioni,nessun riferimento noto (FE/scheduler/chat/test): verificare prima di deprecare
active,tenere,DELETE,/api/archivio-bonifici/disassocia-fattura/{bonifico_id},bonifici_module.associazioni,in uso: FE
active,tenere,DELETE,/api/archivio-bonifici/disassocia-salario/{bonifico_id},bonifici_module.associazioni,in uso: FE
active,tenere,GET,/api/archivio-bonifici/fatture-compatibili/{bonifico_id},bonifici_module.associazioni,in uso: FE
active,tenere,GET,/api/archivio-bonifici/operazioni-salari/{bonifico_id},bonifici_module.associazioni,in uso: FE
active,tenere,POST,/api/archivio-bonifici/sync-iban-anagrafica,bonifici_module.associazioni,in uso: FE
quarantine,verificare,GET,/api/archivio-bonifici/jobs,bonifici_module.jobs,nessun riferimento noto (FE/scheduler/chat/test): verificare prima di deprecare
quarantine,verificare,POST,/api/archivio-bonifici/jobs,bonifici_module.jobs,nessun riferimento noto (FE/scheduler/chat/test): verificare prima di deprecare
quarantine,verificare,GET,/api/archivio-bonifici/jobs/{job_id},bonifici_module.jobs,nessun riferimento noto (FE/scheduler/chat/test): verificare prima di deprecare
quarantine,verificare,POST,/api/archivio-bonifici/jobs/{job_id}/upload,bonifici_module.jobs,nessun riferimento noto (FE/scheduler/chat/test): verificare prima di deprecare
quarantine,verificare,POST,/api/archivio-bonifici/associa-dipendenti,bonifici_module.riconciliazione,nessun riferimento noto (FE/scheduler/chat/test): verificare prima di deprecare
quarantine,verificare,GET,/api/archivio-bonifici/dashboard,bonifici_module.riconciliazione,nessun riferimento noto (FE/scheduler/chat/test): verificare prima di deprecare
quarantine,admin-only,POST,/api/archivio-bonifici/reset-riconciliazione,bonifici_module.riconciliazione,"endpoint di migrazione/manutenzione one-shot: tenere ma Admin-only, disabilitabile, documentato, non esposto a lungo (§7)"
active,tenere,POST,/api/archivio-bonifici/riconcilia,bonifici_module.riconciliazione,in uso: FE
active,tenere,GET,/api/archivio-bonifici/riconcilia/task/{task_id},bonifici_module.riconciliazione,in uso: FE
active,tenere,GET,/api/archivio-bonifici/stato-riconciliazione,bonifici_module.riconciliazione,in uso: FE
quarantine,verificare,GET,/api/archivio-bonifici/download-zip/{year},bonifici_module.transfers,nessun riferimento noto (FE/scheduler/chat/test): verificare prima di deprecare
quarantine,verificare,GET,/api/archivio-bonifici/export,bonifici_module.transfers,nessun riferimento noto (FE/scheduler/chat/test): verificare prima di deprecare
active,tenere,GET,/api/archivio-bonifici/transfers,bonifici_module.transfers,in uso: FE
active,tenere,DELETE,/api/archivio-bonifici/transfers/bulk,bonifici_module.transfers,in uso: FE
active,tenere,GET,/api/archivio-bonifici/transfers/count,bonifici_module.transfers,in uso: FE
active,tenere,GET,/api/archivio-bonifici/transfers/summary,bonifici_module.transfers,in uso: FE
active,tenere,DELETE,/api/archivio-bonifici/transfers/{transfer_id},bonifici_module.transfers,in uso: FE
active,tenere,PUT,/api/archivio-bonifici/transfers/{transfer_id},bonifici_module.transfers,in uso: FE
active,tenere,GET,/api/archivio-bonifici/transfers/{transfer_id}/pdf,bonifici_module.transfers,in uso: FE
active,tenere,POST,/api/cash/corrispettivi,cash,in uso: FE
active,tenere,GET,/api/cash/corrispettivi/{target_date},cash,in uso: FE
active,tenere,GET,/api/cash/export/excel,cash,in uso: FE
active,tenere,GET,/api/cash/movements,cash,in uso: FE
active,tenere,POST,/api/cash/movements,cash,in uso: FE
active,tenere,DELETE,/api/cash/movements/{movement_id},cash,in uso: FE
active,tenere,PUT,/api/cash/movements/{movement_id},cash,in uso: FE
active,tenere,GET,/api/cash/stats,cash,in uso: FE
active,tenere,GET,/api/cespiti/,cespiti,in uso: FE
active,tenere,POST,/api/cespiti/,cespiti,in uso: FE
active,tenere,GET,/api/cespiti/calcolo-rateo/{anno}/{mese},cespiti,in uso: FE
active,tenere,GET,/api/cespiti/calcolo/{anno},cespiti,in uso: FE
active,tenere,GET,/api/cespiti/categorie,cespiti,in uso: FE
active,tenere,POST,/api/cespiti/dismissione,cespiti,in uso: FE
active,tenere,POST,/api/cespiti/registra/{anno},cespiti,in uso: FE
active,tenere,GET,/api/cespiti/riepilogo,cespiti,in uso: FE
active,tenere,POST,/api/cespiti/scan-fatture,cespiti,in uso: FE
active,tenere,GET,/api/cespiti/verifica/{anno},cespiti,in uso: FE
active,tenere,DELETE,/api/cespiti/{cespite_id},cespiti,in uso: FE
active,tenere,GET,/api/cespiti/{cespite_id},cespiti,in uso: FE
active,tenere,PUT,/api/cespiti/{cespite_id},cespiti,in uso: FE
active,tenere,POST,/api/chat/ask,chat_router,"in uso: FE, chat"
active,tenere,GET,/api/chat/health,chat_router,in uso: chat
active,tenere,GET,/api/chat/history,chat_router,in uso: chat
active,tenere,POST,/api/chiusura-esercizio/apertura-nuovo-esercizio,chiusura_esercizio,in uso: FE
active,tenere,GET,/api/chiusura-esercizio/bilancino-verifica/{anno},chiusura_esercizio,in uso: FE
active,tenere,POST,/api/chiusura-esercizio/esegui-chiusura,chiusura_esercizio,in uso: FE
quarantine,verificare,GET,/api/chiusura-esercizio/saldi-iniziali/{anno},chiusura_esercizio,nessun riferimento noto (FE/scheduler/chat/test): verificare prima di deprecare
active,tenere,GET,/api/chiusura-esercizio/stato/{anno},chiusura_esercizio,in uso: FE
active,tenere,GET,/api/chiusura-esercizio/storico,chiusura_esercizio,in uso: FE
active,tenere,GET,/api/chiusura-esercizio/verifica-preliminare/{anno},chiusura_esercizio,in uso: FE
active,tenere,POST,/api/collaudo/esegui,collaudo,in uso: FE
active,tenere,GET,/api/collaudo/storico,collaudo,in uso: FE
active,tenere,GET,/api/collaudo/ultimo,collaudo,in uso: FE
active,tenere,GET,/api/commercialista/alert-status,commercialista,in uso: FE
active,tenere,GET,/api/commercialista/config,commercialista,in uso: FE
active,tenere,PUT,/api/commercialista/config,commercialista,in uso: FE
active,tenere,GET,/api/commercialista/export-completo/{anno}/{mese},commercialista,in uso: FE
active,tenere,GET,/api/commercialista/export-excel/{anno}/{mese},commercialista,in uso: FE
quarantine,verificare,GET,/api/commercialista/export-log,commercialista,nessun riferimento noto (FE/scheduler/chat/test): verificare prima di deprecare
active,tenere,GET,/api/commercialista/fatture-cassa/{anno}/{mese},commercialista,in uso: FE
active,tenere,POST,/api/commercialista/invia-carnet,commercialista,in uso: FE
active,tenere,POST,/api/commercialista/invia-fatture-cassa,commercialista,in uso: FE
active,tenere,POST,/api/commercialista/invia-prima-nota,commercialista,in uso: FE
active,tenere,GET,/api/commercialista/log,commercialista,in uso: FE
active,tenere,GET,/api/commercialista/prima-nota-cassa/{anno}/{mese},commercialista,in uso: FE
active,tenere,GET,/api/commercialista/riepilogo/{anno}/{mese},commercialista,in uso: FE
quarantine,verificare,POST,/api/commercialista/schedula-export,commercialista,nessun riferimento noto (FE/scheduler/chat/test): verificare prima di deprecare
active,tenere,POST,/api/commercialista/segna-inviata,commercialista,in uso: FE
active,tenere,GET,/api/config-import/anno,config_import,in uso: FE
active,tenere,PUT,/api/config-import/anno,config_import,in uso: FE
active,tenere,POST,/api/config-import/importa-anno,config_import,in uso: FE
active,tenere,GET,/api/config/email-accounts,configurazioni,in uso: FE
active,tenere,POST,/api/config/email-accounts,configurazioni,in uso: FE
active,tenere,DELETE,/api/config/email-accounts/{account_id},configurazioni,in uso: FE
active,tenere,PUT,/api/config/email-accounts/{account_id},configurazioni,in uso: FE
active,tenere,POST,/api/config/email-accounts/{account_id}/test,configurazioni,in uso: FE
active,tenere,GET,/api/config/parole-chiave,configurazioni,in uso: FE
active,tenere,PUT,/api/config/parole-chiave,configurazioni,in uso: FE
active,tenere,POST,/api/config/parole-chiave/aggiungi,configurazioni,in uso: FE
active,tenere,DELETE,/api/config/parole-chiave/rimuovi,configurazioni,in uso: FE
active,tenere,GET,/api/contabilita/disponibilita-liquide,contabilita_italiana,in uso: FE
quarantine,verificare,GET,/api/controllo-gestione/costi-per-categoria,controllo_gestione,nessun riferimento noto (FE/scheduler/chat/test): verificare prima di deprecare
active,tenere,GET,/api/controllo-gestione/costi-ricavi,controllo_gestione,in uso: FE
quarantine,verificare,GET,/api/controllo-gestione/kpi/{anno},controllo_gestione,nessun riferimento noto (FE/scheduler/chat/test): verificare prima di deprecare
active,tenere,GET,/api/controllo-gestione/trend-mensile,controllo_gestione,in uso: chat
active,tenere,GET,/api/dati-isa/riepilogo,dati_isa,in uso: FE
active,tenere,POST,/api/conferma-tutte,dati_provvisori,in uso: scheduler
active,tenere,POST,/api/conferma/{proposta_id},dati_provvisori,"in uso: scheduler, chat"
active,tenere,POST,/api/dati-provvisori/riconcilia-estratto-conto,dati_provvisori,in uso: scheduler
active,tenere,POST,/api/genera-proposte,dati_provvisori,in uso: scheduler
active,tenere,GET,/api/proposte,dati_provvisori,in uso: scheduler
active,tenere,POST,/api/rifiuta/{proposta_id},dati_provvisori,in uso: scheduler
quarantine,verificare,GET,/api/document-ai/classified-documents-stats,document_ai,nessun riferimento noto (FE/scheduler/chat/test): verificare prima di deprecare
quarantine,verificare,GET,/api/document-ai/document-types,document_ai,nessun riferimento noto (FE/scheduler/chat/test): verificare prima di deprecare
quarantine,verificare,POST,/api/document-ai/extract,document_ai,nessun riferimento noto (FE/scheduler/chat/test): verificare prima di deprecare
quarantine,verificare,POST,/api/document-ai/extract-base64,document_ai,nessun riferimento noto (FE/scheduler/chat/test): verificare prima di deprecare
quarantine,verificare,POST,/api/document-ai/extract-text-only,document_ai,nessun riferimento noto (FE/scheduler/chat/test): verificare prima di deprecare
quarantine,verificare,GET,/api/document-ai/extracted-documents,document_ai,nessun riferimento noto (FE/scheduler/chat/test): verificare prima di deprecare
quarantine,verificare,DELETE,/api/document-ai/extracted-documents/{doc_id},document_ai,nessun riferimento noto (FE/scheduler/chat/test): verificare prima di deprecare
quarantine,verificare,POST,/api/document-ai/process-all-classified,document_ai,nessun riferimento noto (FE/scheduler/chat/test): verificare prima di deprecare
quarantine,verificare,POST,/api/document-ai/process-classified-email,document_ai,nessun riferimento noto (FE/scheduler/chat/test): verificare prima di deprecare
quarantine,verificare,POST,/api/document-ai/reprocess-and-save,document_ai,nessun riferimento noto (FE/scheduler/chat/test): verificare prima di deprecare
active,tenere,GET,/api/documenti/amministrativi,documenti,in uso: FE
quarantine,verificare,GET,/api/documenti/cartelle-email,documenti,nessun riferimento noto (FE/scheduler/chat/test): verificare prima di deprecare
quarantine,verificare,GET,/api/documenti/categorie,documenti,nessun riferimento noto (FE/scheduler/chat/test): verificare prima di deprecare
active,tenere,DELETE,/api/documenti/documento/{doc_id},documenti,in uso: FE
active,tenere,GET,/api/documenti/documento/{doc_id},documenti,in uso: FE
active,tenere,POST,/api/documenti/documento/{doc_id}/annulla-processamento,documenti,in uso: FE
active,tenere,POST,/api/documenti/documento/{doc_id}/cambia-categoria,documenti,in uso: FE
active,tenere,GET,/api/documenti/documento/{doc_id}/download,documenti,in uso: FE
active,tenere,POST,/api/documenti/documento/{doc_id}/processa,documenti,in uso: FE
active,tenere,GET,/api/documenti/indice/catalog,documenti,in uso: FE
active,tenere,POST,/api/documenti/indice/fiscal/discover,documenti,in uso: FE
active,tenere,GET,/api/documenti/indice/fiscal/status,documenti,in uso: FE
active,tenere,POST,/api/documenti/indice/fiscal/sync,documenti,in uso: FE
active,tenere,GET,/api/documenti/indice/index/declarations,documenti,in uso: FE
active,tenere,GET,/api/documenti/indice/index/document/{document_id},documenti,in uso: FE
active,tenere,GET,/api/documenti/indice/index/f24,documenti,in uso: FE
active,tenere,GET,/api/documenti/indice/index/overview,documenti,in uso: FE
active,tenere,GET,/api/documenti/indice/index/search,documenti,in uso: FE
active,tenere,GET,/api/documenti/indice/index/status,documenti,in uso: FE
active,tenere,POST,/api/documenti/indice/sync,documenti,in uso: FE
quarantine,verificare,POST,/api/documenti/elimina-processati,documenti,nessun riferimento noto (FE/scheduler/chat/test): verificare prima di deprecare
quarantine,verificare,POST,/api/documenti/fiscal/ingest,documenti,nessun riferimento noto (FE/scheduler/chat/test): verificare prima di deprecare
active,tenere,GET,/api/documenti/lista,documenti,in uso: FE
quarantine,verificare,GET,/api/documenti/lock-status,documenti,nessun riferimento noto (FE/scheduler/chat/test): verificare prima di deprecare
quarantine,verificare,POST,/api/documenti/monitor/start,documenti,nessun riferimento noto (FE/scheduler/chat/test): verificare prima di deprecare
quarantine,verificare,GET,/api/documenti/monitor/status,documenti,nessun riferimento noto (FE/scheduler/chat/test): verificare prima di deprecare
quarantine,verificare,POST,/api/documenti/monitor/stop,documenti,nessun riferimento noto (FE/scheduler/chat/test): verificare prima di deprecare
quarantine,verificare,POST,/api/documenti/monitor/sync-now,documenti,nessun riferimento noto (FE/scheduler/chat/test): verificare prima di deprecare
quarantine,verificare,POST,/api/documenti/processa-f24-scaricati,documenti,nessun riferimento noto (FE/scheduler/chat/test): verificare prima di deprecare
quarantine,verificare,POST,/api/documenti/processa-tutti,documenti,nessun riferimento noto (FE/scheduler/chat/test): verificare prima di deprecare
quarantine,admin-only,POST,/api/documenti/reimporta-da-filesystem,documenti,"endpoint di migrazione/manutenzione one-shot: tenere ma Admin-only, disabilitabile, documentato, non esposto a lungo (§7)"
quarantine,verificare,POST,/api/documenti/ricategorizza-documenti,documenti,nessun riferimento noto (FE/scheduler/chat/test): verificare prima di deprecare
quarantine,verificare,POST,/api/documenti/scarica-da-email,documenti,nessun riferimento noto (FE/scheduler/chat/test): verificare prima di deprecare
quarantine,verificare,GET,/api/documenti/statistiche,documenti,nessun riferimento noto (FE/scheduler/chat/test): verificare prima di deprecare
quarantine,verificare,POST,/api/documenti/sync-estratti-bnl,documenti,nessun riferimento noto (FE/scheduler/chat/test): verificare prima di deprecare
quarantine,verificare,POST,/api/documenti/sync-estratti-conto,documenti,nessun riferimento noto (FE/scheduler/chat/test): verificare prima di deprecare
quarantine,verificare,POST,/api/documenti/sync-f24-automatico,documenti,nessun riferimento noto (FE/scheduler/chat/test): verificare prima di deprecare
quarantine,verificare,GET,/api/documenti/task/{task_id},documenti,nessun riferimento noto (FE/scheduler/chat/test): verificare prima di deprecare
active,tenere,GET,/api/documenti/tax-codes,documenti,in uso: FE
active,tenere,GET,/api/documenti/tax-codes/status,documenti,in uso: FE
active,tenere,POST,/api/documenti/tax-codes/sync,documenti,in uso: FE
quarantine,verificare,GET,/api/documenti/telegram/status,documenti,nessun riferimento noto (FE/scheduler/chat/test): verificare prima di deprecare
quarantine,verificare,POST,/api/documenti/telegram/test,documenti,nessun riferimento noto (FE/scheduler/chat/test): verificare prima di deprecare
quarantine,verificare,GET,/api/documenti/ultimo-sync,documenti,nessun riferimento noto (FE/scheduler/chat/test): verificare prima di deprecare
active,tenere,POST,/api/documenti/upload-auto,documenti,in uso: FE
active,tenere,POST,/api/documenti/upload-auto/preview,documenti,in uso: FE
quarantine,verificare,GET,/api/documenti-fiscali/lista,documenti_fiscali,nessun riferimento noto (FE/scheduler/chat/test): verificare prima di deprecare
active,tenere,POST,/api/documenti-fiscali/upload,documenti_fiscali,in uso: FE
active,tenere,POST,/api/documenti-non-associati/associa,documenti_non_associati,in uso: FE
active,tenere,GET,/api/documenti-non-associati/associati-di-recente,documenti_non_associati,in uso: FE
quarantine,verificare,GET,/api/documenti-non-associati/categorie-mittente,documenti_non_associati,nessun riferimento noto (FE/scheduler/chat/test): verificare prima di deprecare
active,tenere,GET,/api/documenti-non-associati/collezioni-disponibili,documenti_non_associati,in uso: FE
active,tenere,POST,/api/documenti-non-associati/de-associa,documenti_non_associati,in uso: FE
active,tenere,GET,/api/documenti-non-associati/lista,documenti_non_associati,in uso: FE
active,tenere,GET,/api/documenti-non-associati/pdf/{documento_id},documenti_non_associati,in uso: FE
active,tenere,GET,/api/documenti-non-associati/statistiche,documenti_non_associati,in uso: FE
quarantine,verificare,DELETE,/api/documenti-non-associati/{documento_id},documenti_non_associati,nessun riferimento noto (FE/scheduler/chat/test): verificare prima di deprecare
active,tenere,POST,/api/documenti-inbox/auto-classify,documents_inbox_classify,in uso: FE
quarantine,verificare,GET,/api/documenti-inbox/cross-check-f24,documents_inbox_classify,nessun riferimento noto (FE/scheduler/chat/test): verificare prima di deprecare
active,tenere,POST,/api/documenti-inbox/import-dipendenti-from-cu,documents_inbox_classify,in uso: FE
active,tenere,POST,/api/documenti-inbox/import-f24-from-inbox,documents_inbox_classify,in uso: FE
quarantine,verificare,GET,/api/documenti-inbox/statistics,documents_inbox_classify,nessun riferimento noto (FE/scheduler/chat/test): verificare prima di deprecare
active,tenere,GET,/api/cedolini/sync/quadratura-completa,cedolini_sync,in uso: scheduler
active,tenere,GET,/api/cedolini/sync/status,cedolini_sync,in uso: scheduler
active,tenere,POST,/api/cedolini/sync/sync,cedolini_sync,in uso: scheduler
active,tenere,POST,/api/corrispettivi/sync/quadratura,corrispettivi_sync,in uso: FE
active,tenere,GET,/api/corrispettivi/sync/status,corrispettivi_sync,"in uso: FE, scheduler"
active,tenere,POST,/api/corrispettivi/sync/sync,corrispettivi_sync,"in uso: FE, scheduler"
active,tenere,POST,/api/f24/quietanze/sync/quadratura,quietanze_sync,in uso: FE
active,tenere,GET,/api/f24/quietanze/sync/status,quietanze_sync,"in uso: FE, scheduler"
active,tenere,POST,/api/f24/quietanze/sync/sync,quietanze_sync,"in uso: FE, scheduler"
quarantine,verificare,POST,/api/email-download/associa-documento,email_download,nessun riferimento noto (FE/scheduler/chat/test): verificare prima di deprecare
quarantine,verificare,POST,/api/email-download/associa-f24-filesystem,email_download,nessun riferimento noto (FE/scheduler/chat/test): verificare prima di deprecare
active,tenere,POST,/api/email-download/auto-associa,email_download,in uso: FE
quarantine,verificare,POST,/api/email-download/auto-associa-v2,email_download,nessun riferimento noto (FE/scheduler/chat/test): verificare prima di deprecare
quarantine,verificare,GET,/api/email-download/confronto-pos,email_download,nessun riferimento noto (FE/scheduler/chat/test): verificare prima di deprecare
quarantine,verificare,GET,/api/email-download/dizionario-email,email_download,nessun riferimento noto (FE/scheduler/chat/test): verificare prima di deprecare
quarantine,admin-only,DELETE,/api/email-download/dizionario-email/reset,email_download,"endpoint di migrazione/manutenzione one-shot: tenere ma Admin-only, disabilitabile, documentato, non esposto a lungo (§7)"
quarantine,verificare,GET,/api/email-download/documenti-non-associati,email_download,nessun riferimento noto (FE/scheduler/chat/test): verificare prima di deprecare
quarantine,verificare,GET,/api/email-download/documents-inbox-stats,email_download,nessun riferimento noto (FE/scheduler/chat/test): verificare prima di deprecare
quarantine,verificare,POST,/api/email-download/download-single-day,email_download,nessun riferimento noto (FE/scheduler/chat/test): verificare prima di deprecare
quarantine,verificare,POST,/api/email-download/estrai-importi-verbali,email_download,nessun riferimento noto (FE/scheduler/chat/test): verificare prima di deprecare
quarantine,verificare,POST,/api/email-download/fix-numeri-verbali,email_download,nessun riferimento noto (FE/scheduler/chat/test): verificare prima di deprecare
quarantine,verificare,GET,/api/email-download/inbox-documents,email_download,nessun riferimento noto (FE/scheduler/chat/test): verificare prima di deprecare
active,tenere,GET,/api/email-download/mittenti,email_download,in uso: FE
active,tenere,POST,/api/email-download/mittenti,email_download,in uso: FE
active,tenere,GET,/api/email-download/mittenti/check,email_download,in uso: FE
quarantine,admin-only,POST,/api/email-download/mittenti/migra-legacy,email_download,"endpoint di migrazione/manutenzione one-shot: tenere ma Admin-only, disabilitabile, documentato, non esposto a lungo (§7)"
active,tenere,DELETE,/api/email-download/mittenti/{mittente_id},email_download,in uso: FE
active,tenere,PUT,/api/email-download/mittenti/{mittente_id},email_download,in uso: FE
quarantine,verificare,POST,/api/email-download/parse-f24-llm,email_download,nessun riferimento noto (FE/scheduler/chat/test): verificare prima di deprecare
quarantine,verificare,POST,/api/email-download/parse-verbali-llm,email_download,nessun riferimento noto (FE/scheduler/chat/test): verificare prima di deprecare
quarantine,verificare,GET,/api/email-download/paypal-transazioni,email_download,nessun riferimento noto (FE/scheduler/chat/test): verificare prima di deprecare
quarantine,verificare,GET,/api/email-download/pdf/{collection}/{pdf_id},email_download,nessun riferimento noto (FE/scheduler/chat/test): verificare prima di deprecare
quarantine,verificare,POST,/api/email-download/popola-pdf-payslips,email_download,nessun riferimento noto (FE/scheduler/chat/test): verificare prima di deprecare
quarantine,verificare,POST,/api/email-download/processa-cedolini,email_download,nessun riferimento noto (FE/scheduler/chat/test): verificare prima di deprecare
quarantine,verificare,POST,/api/email-download/processa-fatture-email,email_download,nessun riferimento noto (FE/scheduler/chat/test): verificare prima di deprecare
quarantine,verificare,POST,/api/email-download/processa-fatture-email/batch,email_download,nessun riferimento noto (FE/scheduler/chat/test): verificare prima di deprecare
quarantine,verificare,GET,/api/email-download/processa-fatture-email/status,email_download,nessun riferimento noto (FE/scheduler/chat/test): verificare prima di deprecare
quarantine,verificare,POST,/api/email-download/processa-pipeline,email_download,nessun riferimento noto (FE/scheduler/chat/test): verificare prima di deprecare
active,tenere,DELETE,/api/email-download/pulisci-duplicati,email_download,in uso: scheduler
quarantine,admin-only,POST,/api/email-download/pulizia-non-attendibili,email_download,"endpoint di migrazione/manutenzione one-shot: tenere ma Admin-only, disabilitabile, documentato, non esposto a lungo (§7)"
quarantine,verificare,POST,/api/email-download/riconcilia-paypal,email_download,nessun riferimento noto (FE/scheduler/chat/test): verificare prima di deprecare
quarantine,verificare,POST,/api/email-download/riconcilia-verbali,email_download,nessun riferimento noto (FE/scheduler/chat/test): verificare prima di deprecare
quarantine,verificare,POST,/api/email-download/riconcilia-verbali-avanzato,email_download,nessun riferimento noto (FE/scheduler/chat/test): verificare prima di deprecare
quarantine,verificare,POST,/api/email-download/riconciliazione-completa,email_download,nessun riferimento noto (FE/scheduler/chat/test): verificare prima di deprecare
quarantine,verificare,POST,/api/email-download/scarica-pdf-verbali-mancanti,email_download,nessun riferimento noto (FE/scheduler/chat/test): verificare prima di deprecare
active,tenere,POST,/api/email-download/start-full-download,email_download,in uso: FE
quarantine,verificare,GET,/api/email-download/statistiche,email_download,nessun riferimento noto (FE/scheduler/chat/test): verificare prima di deprecare
quarantine,verificare,GET,/api/email-download/status,email_download,nessun riferimento noto (FE/scheduler/chat/test): verificare prima di deprecare
quarantine,verificare,POST,/api/email-download/sync-email-now,email_download,nessun riferimento noto (FE/scheduler/chat/test): verificare prima di deprecare
quarantine,verificare,POST,/api/email-download/sync-filesystem,email_download,nessun riferimento noto (FE/scheduler/chat/test): verificare prima di deprecare
active,tenere,POST,/api/email-scanner/associa,email_scanner,in uso: FE
quarantine,verificare,GET,/api/email-scanner/cartelle,email_scanner,nessun riferimento noto (FE/scheduler/chat/test): verificare prima di deprecare
quarantine,verificare,POST,/api/email-scanner/scansiona,email_scanner,nessun riferimento noto (FE/scheduler/chat/test): verificare prima di deprecare
quarantine,verificare,POST,/api/email-scanner/scansiona-e-associa,email_scanner,nessun riferimento noto (FE/scheduler/chat/test): verificare prima di deprecare
active,tenere,GET,/api/email-scanner/statistiche,email_scanner,"in uso: FE, scheduler"
active,tenere,GET,/api/dipendenti,employees.dipendenti,in uso: FE
active,tenere,POST,/api/dipendenti,employees.dipendenti,in uso: FE
active,tenere,POST,/api/dipendenti/bulk-upsert,employees.dipendenti,in uso: FE
active,tenere,POST,/api/dipendenti/bulk-upsert/preview,employees.dipendenti,in uso: FE
active,tenere,GET,/api/dipendenti/buste-paga,employees.dipendenti,in uso: FE
active,tenere,POST,/api/dipendenti/buste-paga,employees.dipendenti,in uso: FE
active,tenere,GET,/api/dipendenti/buste-paga/dipendente/{dipendente_id},employees.dipendenti,in uso: FE
active,tenere,POST,/api/dipendenti/buste-paga/dipendente/{dipendente_id}/import,employees.dipendenti,in uso: FE
active,tenere,POST,/api/dipendenti/buste-paga/import,employees.dipendenti,in uso: FE
active,tenere,GET,/api/dipendenti/buste-paga/scan,employees.dipendenti,in uso: FE
active,tenere,GET,/api/dipendenti/by-google-email,employees.dipendenti,in uso: FE
active,tenere,GET,/api/dipendenti/duplicati,employees.dipendenti,in uso: FE
active,tenere,POST,/api/dipendenti/duplicati/auto-merge,employees.dipendenti,in uso: FE
active,tenere,POST,/api/dipendenti/duplicati/merge,employees.dipendenti,in uso: FE
active,tenere,POST,/api/dipendenti/invita-multipli,employees.dipendenti,in uso: FE
active,tenere,GET,/api/dipendenti/mansioni,employees.dipendenti,in uso: FE
active,tenere,GET,/api/dipendenti/portale/stats,employees.dipendenti,in uso: FE
active,tenere,GET,/api/dipendenti/report-ferie-permessi-tutti,employees.dipendenti,in uso: FE
active,tenere,GET,/api/dipendenti/stats,employees.dipendenti,in uso: FE
active,tenere,POST,/api/dipendenti/sync-iban,employees.dipendenti,in uso: FE
active,tenere,GET,/api/dipendenti/tipi-turno,employees.dipendenti,in uso: FE
active,tenere,POST,/api/dipendenti/turni/salva,employees.dipendenti,in uso: FE
active,tenere,GET,/api/dipendenti/turni/settimana,employees.dipendenti,in uso: FE
active,tenere,DELETE,/api/dipendenti/{dipendente_id},employees.dipendenti,in uso: FE
active,tenere,GET,/api/dipendenti/{dipendente_id},employees.dipendenti,in uso: FE
active,tenere,PUT,/api/dipendenti/{dipendente_id},employees.dipendenti,in uso: FE
active,tenere,POST,/api/dipendenti/{dipendente_id}/invita-portale,employees.dipendenti,in uso: FE
active,tenere,GET,/api/dipendenti/{dipendente_id}/report-ferie-permessi,employees.dipendenti,in uso: FE
quarantine,verificare,POST,/api/erp/ponte/fattura-ricevuta,erp_bridge,nessun riferimento noto (FE/scheduler/chat/test): verificare prima di deprecare
quarantine,verificare,GET,/api/erp/ponte/status,erp_bridge,nessun riferimento noto (FE/scheduler/chat/test): verificare prima di deprecare
quarantine,verificare,GET,/api/f24-email/allegati,f24.email_f24,nessun riferimento noto (FE/scheduler/chat/test): verificare prima di deprecare
quarantine,verificare,GET,/api/f24-email/codici-tributo,f24.email_f24,nessun riferimento noto (FE/scheduler/chat/test): verificare prima di deprecare
quarantine,verificare,GET,/api/f24-email/log-download,f24.email_f24,nessun riferimento noto (FE/scheduler/chat/test): verificare prima di deprecare
quarantine,verificare,GET,/api/f24-email/mittenti,f24.email_f24,nessun riferimento noto (FE/scheduler/chat/test): verificare prima di deprecare
quarantine,verificare,POST,/api/f24-email/processa-allegati,f24.email_f24,nessun riferimento noto (FE/scheduler/chat/test): verificare prima di deprecare
quarantine,verificare,POST,/api/f24-email/scarica-e-processa,f24.email_f24,nessun riferimento noto (FE/scheduler/chat/test): verificare prima di deprecare
quarantine,verificare,POST,/api/f24-email/scarica-email,f24.email_f24,nessun riferimento noto (FE/scheduler/chat/test): verificare prima di deprecare
active,tenere,GET,/api/f24,f24.f24_main,in uso: FE
active,tenere,POST,/api/f24,f24.f24_main,in uso: FE
active,tenere,GET,/api/f24/alerts/scadenze,f24.f24_main,in uso: FE
active,tenere,GET,/api/f24/codici/all,f24.f24_main,in uso: FE
active,tenere,GET,/api/f24/codici/{codice},f24.f24_main,in uso: FE
active,tenere,GET,/api/f24/dashboard/summary,f24.f24_main,in uso: FE
active,tenere,GET,/api/f24/documents,f24.f24_main,in uso: FE
active,tenere,DELETE,/api/f24/documents/{doc_id},f24.f24_main,in uso: FE
active,tenere,POST,/api/f24/fascicolo/costruisci,f24.f24_main,in uso: FE
active,tenere,GET,/api/f24/fascicolo/{codice_fiscale}/{mese}/{anno},f24.f24_main,in uso: FE
active,tenere,GET,/api/f24/quietanze,f24.f24_main,in uso: FE
active,tenere,GET,/api/f24/quietanze/statistiche/tributi,f24.f24_main,in uso: FE
active,tenere,POST,/api/f24/quietanze/upload,f24.f24_main,in uso: FE
active,tenere,DELETE,/api/f24/quietanze/{f24_id},f24.f24_main,in uso: FE
active,tenere,GET,/api/f24/quietanze/{f24_id},f24.f24_main,in uso: FE
active,tenere,POST,/api/f24/riconcilia,f24.f24_main,"in uso: FE, scheduler"
active,tenere,POST,/api/f24/upload,f24.f24_main,in uso: FE
active,tenere,POST,/api/f24/upload-multiple,f24.f24_main,in uso: FE
active,tenere,POST,/api/f24/upload-pdf,f24.f24_main,in uso: FE
active,tenere,POST,/api/f24/upload-zip,f24.f24_main,in uso: FE
active,tenere,DELETE,/api/f24/{f24_id},f24.f24_main,in uso: FE
active,tenere,GET,/api/f24/{f24_id},f24.f24_main,in uso: FE
active,tenere,PUT,/api/f24/{f24_id},f24.f24_main,in uso: FE
active,tenere,POST,/api/f24/{f24_id}/mark-paid,f24.f24_main,in uso: FE
quarantine,verificare,GET,/api/f24-public/models,f24.f24_public,nessun riferimento noto (FE/scheduler/chat/test): verificare prima di deprecare
quarantine,verificare,DELETE,/api/f24-public/models/{f24_id},f24.f24_public,nessun riferimento noto (FE/scheduler/chat/test): verificare prima di deprecare
quarantine,verificare,PUT,/api/f24-public/models/{f24_id},f24.f24_public,nessun riferimento noto (FE/scheduler/chat/test): verificare prima di deprecare
quarantine,verificare,PUT,/api/f24-public/models/{f24_id}/pagato,f24.f24_public,nessun riferimento noto (FE/scheduler/chat/test): verificare prima di deprecare
quarantine,verificare,GET,/api/f24-public/pdf/{f24_id},f24.f24_public,nessun riferimento noto (FE/scheduler/chat/test): verificare prima di deprecare
quarantine,verificare,GET,/api/f24-public/scadenze-prossime,f24.f24_public,nessun riferimento noto (FE/scheduler/chat/test): verificare prima di deprecare
quarantine,verificare,GET,/api/f24-public/test,f24.f24_public,nessun riferimento noto (FE/scheduler/chat/test): verificare prima di deprecare
quarantine,verificare,POST,/api/f24-public/upload,f24.f24_public,nessun riferimento noto (FE/scheduler/chat/test): verificare prima di deprecare
quarantine,verificare,POST,/api/f24-public/upload-overwrite,f24.f24_public,nessun riferimento noto (FE/scheduler/chat/test): verificare prima di deprecare
quarantine,verificare,GET,/api/f24-riconciliazione/alerts,f24.f24_riconciliazione,nessun riferimento noto (FE/scheduler/chat/test): verificare prima di deprecare
quarantine,verificare,POST,/api/f24-riconciliazione/alerts/{alert_id}/conferma-elimina,f24.f24_riconciliazione,nessun riferimento noto (FE/scheduler/chat/test): verificare prima di deprecare
quarantine,verificare,POST,/api/f24-riconciliazione/alerts/{alert_id}/ignora,f24.f24_riconciliazione,nessun riferimento noto (FE/scheduler/chat/test): verificare prima di deprecare
quarantine,verificare,GET,/api/f24-riconciliazione/commercialista,f24.f24_riconciliazione,nessun riferimento noto (FE/scheduler/chat/test): verificare prima di deprecare
quarantine,verificare,POST,/api/f24-riconciliazione/commercialista/upload,f24.f24_riconciliazione,nessun riferimento noto (FE/scheduler/chat/test): verificare prima di deprecare
quarantine,verificare,DELETE,/api/f24-riconciliazione/commercialista/{f24_id},f24.f24_riconciliazione,nessun riferimento noto (FE/scheduler/chat/test): verificare prima di deprecare
quarantine,verificare,GET,/api/f24-riconciliazione/commercialista/{f24_id},f24.f24_riconciliazione,nessun riferimento noto (FE/scheduler/chat/test): verificare prima di deprecare
quarantine,verificare,PUT,/api/f24-riconciliazione/commercialista/{f24_id},f24.f24_riconciliazione,nessun riferimento noto (FE/scheduler/chat/test): verificare prima di deprecare
quarantine,verificare,PUT,/api/f24-riconciliazione/commercialista/{f24_id}/pagato,f24.f24_riconciliazione,nessun riferimento noto (FE/scheduler/chat/test): verificare prima di deprecare
quarantine,verificare,GET,/api/f24-riconciliazione/commercialista/{f24_id}/pdf,f24.f24_riconciliazione,nessun riferimento noto (FE/scheduler/chat/test): verificare prima di deprecare
quarantine,verificare,GET,/api/f24-riconciliazione/dashboard,f24.f24_riconciliazione,nessun riferimento noto (FE/scheduler/chat/test): verificare prima di deprecare
quarantine,verificare,POST,/api/f24-riconciliazione/fix-campo-anno,f24.f24_riconciliazione,nessun riferimento noto (FE/scheduler/chat/test): verificare prima di deprecare
quarantine,verificare,GET,/api/f24-riconciliazione/quietanze,f24.f24_riconciliazione,nessun riferimento noto (FE/scheduler/chat/test): verificare prima di deprecare
quarantine,verificare,POST,/api/f24-riconciliazione/quietanze/upload-multiplo,f24.f24_riconciliazione,nessun riferimento noto (FE/scheduler/chat/test): verificare prima di deprecare
quarantine,verificare,GET,/api/f24-riconciliazione/quietanze/{quietanza_id},f24.f24_riconciliazione,nessun riferimento noto (FE/scheduler/chat/test): verificare prima di deprecare
quarantine,verificare,POST,/api/f24-riconciliazione/riconcilia-quietanza,f24.f24_riconciliazione,nessun riferimento noto (FE/scheduler/chat/test): verificare prima di deprecare
active,tenere,POST,/api/f24-riconciliazione/riconcilia-tutto,f24.f24_riconciliazione,in uso: FE
quarantine,verificare,GET,/api/f24-riconciliazione/verifica-codice/{codice_tributo},f24.f24_riconciliazione,nessun riferimento noto (FE/scheduler/chat/test): verificare prima di deprecare
active,tenere,GET,/api/f24-analisi/doppi-pagamenti,f24_analisi,in uso: chat
quarantine,verificare,GET,/api/f24-analisi/tabella,f24_analisi,nessun riferimento noto (FE/scheduler/chat/test): verificare prima di deprecare
quarantine,verificare,GET,/api/f24-analisi/{f24_id},f24_analisi,nessun riferimento noto (FE/scheduler/chat/test): verificare prima di deprecare
active,tenere,GET,/api/f24-analisi/{f24_id}/associazione,f24_analisi,in uso: chat
active,tenere,POST,/api/f24-email-settings/aggiungi-mittente,f24_email_settings,in uso: FE
active,tenere,GET,/api/f24-email-settings/impostazioni,f24_email_settings,in uso: FE
active,tenere,POST,/api/f24-email-settings/impostazioni,f24_email_settings,in uso: FE
active,tenere,GET,/api/f24-email-settings/log-scansioni,f24_email_settings,in uso: FE
active,tenere,DELETE,/api/f24-email-settings/rimuovi-mittente/{email},f24_email_settings,in uso: FE
active,tenere,POST,/api/f24-email-settings/scan-manuale,f24_email_settings,in uso: FE
active,tenere,GET,/api/f24-email-settings/stato-sistema,f24_email_settings,in uso: FE
active,tenere,POST,/api/f24-email-settings/toggle-auto-scan,f24_email_settings,in uso: FE
active,tenere,GET,/api/fatture-estere/affidabilita,fatture_estera_verifica,in uso: FE
active,tenere,GET,/api/fatture-estere/da-verificare,fatture_estera_verifica,in uso: FE
quarantine,verificare,POST,/api/fatture-estere/{fattura_id}/verifica,fatture_estera_verifica,nessun riferimento noto (FE/scheduler/chat/test): verificare prima di deprecare
active,tenere,GET,/api/fatture-ricevute/archivio,fatture_module.crud,in uso: FE
quarantine,verificare,POST,/api/fatture-ricevute/elimina-anni-vecchi,fatture_module.crud,nessun riferimento noto (FE/scheduler/chat/test): verificare prima di deprecare
quarantine,verificare,POST,/api/fatture-ricevute/elimina-gusci-vuoti,fatture_module.crud,nessun riferimento noto (FE/scheduler/chat/test): verificare prima di deprecare
active,tenere,GET,/api/fatture-ricevute/fattura/{fattura_id},fatture_module.crud,"in uso: FE, scheduler"
active,tenere,PUT,/api/fatture-ricevute/fattura/{fattura_id},fatture_module.crud,"in uso: FE, scheduler"
active,tenere,GET,/api/fatture-ricevute/fattura/{fattura_id}/documenti-pagamento,fatture_module.crud,in uso: FE
active,tenere,GET,/api/fatture-ricevute/fattura/{fattura_id}/pdf/{allegato_id},fatture_module.crud,in uso: FE
active,tenere,GET,/api/fatture-ricevute/fattura/{fattura_id}/storia,fatture_module.crud,in uso: FE
active,tenere,GET,/api/fatture-ricevute/fattura/{fattura_id}/view-assoinvoice,fatture_module.crud,in uso: FE
active,tenere,GET,/api/fatture-ricevute/fattura/{fattura_id}/xml-originale,fatture_module.crud,in uso: FE
active,tenere,GET,/api/fatture-ricevute/fornitori,fatture_module.crud,in uso: FE
active,tenere,POST,/api/fatture-ricevute/pulisci-duplicati,fatture_module.crud,in uso: scheduler
quarantine,verificare,GET,/api/fatture-ricevute/statistiche,fatture_module.crud,nessun riferimento noto (FE/scheduler/chat/test): verificare prima di deprecare
active,tenere,POST,/api/fatture-ricevute/export-selezione,fatture_module.export_selezione,in uso: FE
quarantine,verificare,POST,/api/fatture-ricevute/aggiorna-metodi-pagamento,fatture_module.pagamento,nessun riferimento noto (FE/scheduler/chat/test): verificare prima di deprecare
quarantine,admin-only,POST,/api/fatture-ricevute/backfill-autoroute,fatture_module.pagamento,"endpoint di migrazione/manutenzione one-shot: tenere ma Admin-only, disabilitabile, documentato, non esposto a lungo (§7)"
quarantine,verificare,POST,/api/fatture-ricevute/cambia-metodo-pagamento,fatture_module.pagamento,nessun riferimento noto (FE/scheduler/chat/test): verificare prima di deprecare
quarantine,verificare,POST,/api/fatture-ricevute/import-paypal,fatture_module.pagamento,nessun riferimento noto (FE/scheduler/chat/test): verificare prima di deprecare
quarantine,verificare,GET,/api/fatture-ricevute/lista-paypal,fatture_module.pagamento,nessun riferimento noto (FE/scheduler/chat/test): verificare prima di deprecare
active,tenere,POST,/api/fatture-ricevute/paga-manuale,fatture_module.pagamento,in uso: FE
quarantine,verificare,POST,/api/fatture-ricevute/riconcilia-con-estratto-conto,fatture_module.pagamento,nessun riferimento noto (FE/scheduler/chat/test): verificare prima di deprecare
quarantine,verificare,POST,/api/fatture-ricevute/riconcilia-paypal,fatture_module.pagamento,nessun riferimento noto (FE/scheduler/chat/test): verificare prima di deprecare
quarantine,verificare,GET,/api/fatture-ricevute/verifica-incoerenze-estratto-conto,fatture_module.pagamento,nessun riferimento noto (FE/scheduler/chat/test): verificare prima di deprecare
active,tenere,POST,/api/finanziamenti-soci/movimento,finanziamenti_soci,in uso: FE
active,tenere,DELETE,/api/finanziamenti-soci/movimento/{movimento_id},finanziamenti_soci,in uso: FE
quarantine,verificare,POST,/api/finanziamenti-soci/scan,finanziamenti_soci,nessun riferimento noto (FE/scheduler/chat/test): verificare prima di deprecare
active,tenere,GET,/api/finanziamenti-soci/schede,finanziamenti_soci,in uso: FE
quarantine,verificare,GET,/api/finanziaria/cost-categories,finanziaria,nessun riferimento noto (FE/scheduler/chat/test): verificare prima di deprecare
quarantine,verificare,GET,/api/finanziaria/costi,finanziaria,nessun riferimento noto (FE/scheduler/chat/test): verificare prima di deprecare
quarantine,verificare,POST,/api/finanziaria/costo,finanziaria,nessun riferimento noto (FE/scheduler/chat/test): verificare prima di deprecare
active,tenere,GET,/api/finanziaria/summary,finanziaria,in uso: FE
active,tenere,GET,/api/fiscal/ader-snapshots,fiscal_control,in uso: FE
active,tenere,POST,/api/fiscal/ader-snapshots/dry-run,fiscal_control,in uso: FE
active,tenere,POST,/api/fiscal/ader-snapshots/import,fiscal_control,in uso: FE
quarantine,verificare,POST,/api/fiscal/collection-snapshots/dry-run,fiscal_control,nessun riferimento noto (FE/scheduler/chat/test): verificare prima di deprecare
quarantine,verificare,POST,/api/fiscal/collection-snapshots/import,fiscal_control,nessun riferimento noto (FE/scheduler/chat/test): verificare prima di deprecare
active,tenere,GET,/api/fiscal/collections,fiscal_control,in uso: FE
active,tenere,GET,/api/fiscal/collections/{claim_id},fiscal_control,in uso: FE
active,tenere,POST,/api/fiscal/collections/{claim_id}/events,fiscal_control,in uso: FE
active,tenere,GET,/api/fiscal/crosswalk,fiscal_control,in uso: FE
active,tenere,GET,/api/fiscal/declarations,fiscal_control,in uso: FE
active,tenere,GET,/api/fiscal/documents/{document_id}/content,fiscal_control,in uso: FE
active,tenere,GET,/api/fiscal/dossier.pdf,fiscal_control,in uso: FE
active,tenere,GET,/api/fiscal/evidence-package.zip,fiscal_control,in uso: FE
active,tenere,GET,/api/fiscal/evidence/{entity_type}/{entity_id},fiscal_control,"in uso: FE, scheduler"
quarantine,verificare,GET,/api/fiscal/f24-documents,fiscal_control,nessun riferimento noto (FE/scheduler/chat/test): verificare prima di deprecare
active,tenere,GET,/api/fiscal/f24-rows,fiscal_control,in uso: FE
active,tenere,GET,/api/fiscal/obligations,fiscal_control,in uso: FE
quarantine,verificare,POST,/api/fiscal/ravvedimento/calculate,fiscal_control,nessun riferimento noto (FE/scheduler/chat/test): verificare prima di deprecare
active,tenere,GET,/api/fiscal/review,fiscal_control,in uso: FE
active,tenere,GET,/api/fiscal/summary,fiscal_control,"in uso: FE, chat"
quarantine,verificare,POST,/api/fiscal/vat-credit-chain/rebuild,fiscal_control,nessun riferimento noto (FE/scheduler/chat/test): verificare prima di deprecare
quarantine,verificare,GET,/api/fiscalita/agevolazioni,fiscalita_italiana,nessun riferimento noto (FE/scheduler/chat/test): verificare prima di deprecare
quarantine,verificare,POST,/api/fiscalita/agevolazioni/simula,fiscalita_italiana,nessun riferimento noto (FE/scheduler/chat/test): verificare prima di deprecare
quarantine,verificare,GET,/api/fiscalita/agevolazioni/{agevolazione_id},fiscalita_italiana,nessun riferimento noto (FE/scheduler/chat/test): verificare prima di deprecare
active,tenere,POST,/api/fiscalita/calendario/completa/{scadenza_id},fiscalita_italiana,in uso: FE
active,tenere,POST,/api/fiscalita/calendario/riapri/{scadenza_id},fiscalita_italiana,in uso: FE
active,tenere,GET,/api/fiscalita/calendario/scadenze-imminenti,fiscalita_italiana,in uso: FE
active,tenere,GET,/api/fiscalita/calendario/{anno},fiscalita_italiana,in uso: FE
quarantine,verificare,POST,/api/fiscalita/f24/registra,fiscalita_italiana,nessun riferimento noto (FE/scheduler/chat/test): verificare prima di deprecare
quarantine,verificare,GET,/api/fiscalita/f24/storico,fiscalita_italiana,nessun riferimento noto (FE/scheduler/chat/test): verificare prima di deprecare
active,tenere,GET,/api/fiscalita/notifiche-scadenze,fiscalita_italiana,in uso: FE
active,tenere,POST,/api/fiscalita/notifiche-scadenze/invia,fiscalita_italiana,in uso: FE
quarantine,verificare,POST,/api/fornitori-learning/associa-magazzino,fornitori_learning,nessun riferimento noto (FE/scheduler/chat/test): verificare prima di deprecare
active,tenere,GET,/api/fornitori-learning/centri-costo-disponibili,fornitori_learning,in uso: FE
active,tenere,POST,/api/fornitori-learning/classifica-ai,fornitori_learning,in uso: FE
active,tenere,POST,/api/fornitori-learning/classifica-da-contenuto,fornitori_learning,in uso: FE
quarantine,verificare,POST,/api/fornitori-learning/classifica-f24,fornitori_learning,nessun riferimento noto (FE/scheduler/chat/test): verificare prima di deprecare
quarantine,verificare,GET,/api/fornitori-learning/f24-statistiche,fornitori_learning,nessun riferimento noto (FE/scheduler/chat/test): verificare prima di deprecare
quarantine,verificare,GET,/api/fornitori-learning/giacenze-fornitore/{fornitore_nome},fornitori_learning,nessun riferimento noto (FE/scheduler/chat/test): verificare prima di deprecare
active,tenere,GET,/api/fornitori-learning/lista,fornitori_learning,in uso: FE
active,tenere,GET,/api/fornitori-learning/non-classificati,fornitori_learning,in uso: FE
quarantine,verificare,GET,/api/fornitori-learning/prodotti-per-fornitore/{fornitore_nome},fornitori_learning,nessun riferimento noto (FE/scheduler/chat/test): verificare prima di deprecare
active,tenere,POST,/api/fornitori-learning/riclassifica-con-keywords,fornitori_learning,in uso: FE
quarantine,verificare,POST,/api/fornitori-learning/riclassifica-f24/{f24_id},fornitori_learning,nessun riferimento noto (FE/scheduler/chat/test): verificare prima di deprecare
active,tenere,POST,/api/fornitori-learning/salva,fornitori_learning,in uso: FE
active,tenere,GET,/api/fornitori-learning/stats,fornitori_learning,in uso: FE
active,tenere,GET,/api/fornitori-learning/suggerisci-keywords/{fornitore_nome},fornitori_learning,in uso: FE
quarantine,verificare,DELETE,/api/fornitori-learning/{fornitore_id},fornitori_learning,nessun riferimento noto (FE/scheduler/chat/test): verificare prima di deprecare
active,tenere,POST,/api/gestione-riservata/login,gestione_riservata,in uso: FE
active,tenere,GET,/api/gestione-riservata/movimenti,gestione_riservata,in uso: FE
active,tenere,POST,/api/gestione-riservata/movimenti,gestione_riservata,in uso: FE
active,tenere,DELETE,/api/gestione-riservata/movimenti/{movimento_id},gestione_riservata,in uso: FE
active,tenere,PUT,/api/gestione-riservata/movimenti/{movimento_id},gestione_riservata,in uso: FE
active,tenere,GET,/api/gestione-riservata/riepilogo,gestione_riservata,"in uso: FE, chat"
quarantine,verificare,GET,/api/gestione-riservata/volume-affari-reale,gestione_riservata,nessun riferimento noto (FE/scheduler/chat/test): verificare prima di deprecare
active,tenere,GET,/api/corrispettivi,invoices.corrispettivi,in uso: FE
active,tenere,POST,/api/corrispettivi/aggiorna-stati-mancanti,invoices.corrispettivi,in uso: FE
active,tenere,DELETE,/api/corrispettivi/all,invoices.corrispettivi,in uso: FE
active,tenere,POST,/api/corrispettivi/auto-ricostruisci-dati,invoices.corrispettivi,in uso: FE
quarantine,admin-only,POST,/api/corrispettivi/cleanup-duplicati-forte,invoices.corrispettivi,"endpoint di migrazione/manutenzione one-shot: tenere ma Admin-only, disabilitabile, documentato, non esposto a lungo (§7)"
active,tenere,POST,/api/corrispettivi/elimina-duplicati,invoices.corrispettivi,in uso: FE
active,tenere,POST,/api/corrispettivi/hard-delete-bulk,invoices.corrispettivi,in uso: FE
active,tenere,DELETE,/api/corrispettivi/hard-delete/{corrispettivo_id},invoices.corrispettivi,in uso: FE
active,tenere,POST,/api/corrispettivi/import-csv,invoices.corrispettivi,in uso: FE
active,tenere,POST,/api/corrispettivi/manuale,invoices.corrispettivi,in uso: FE
active,tenere,GET,/api/corrispettivi/manuali-senza-xml,invoices.corrispettivi,in uso: FE
active,tenere,POST,/api/corrispettivi/normalizza-pagamenti,invoices.corrispettivi,in uso: FE
active,tenere,POST,/api/corrispettivi/rebuild-prima-nota,invoices.corrispettivi,in uso: FE
active,tenere,POST,/api/corrispettivi/ricalcola-annulli-non-riscosso,invoices.corrispettivi,in uso: FE
active,tenere,POST,/api/corrispettivi/ricalcola-iva,invoices.corrispettivi,in uso: FE
active,tenere,POST,/api/corrispettivi/sincronizza-prima-nota,invoices.corrispettivi,in uso: FE
active,tenere,GET,/api/corrispettivi/template-csv,invoices.corrispettivi,in uso: FE
active,tenere,GET,/api/corrispettivi/totals,invoices.corrispettivi,in uso: FE
active,tenere,POST,/api/corrispettivi/upload-xml,invoices.corrispettivi,in uso: FE
active,tenere,POST,/api/corrispettivi/upload-xml-bulk,invoices.corrispettivi,in uso: FE
active,tenere,POST,/api/corrispettivi/upload-zip,invoices.corrispettivi,in uso: FE
active,tenere,GET,/api/corrispettivi/view-by-filename,invoices.corrispettivi,in uso: FE
active,tenere,DELETE,/api/corrispettivi/{corrispettivo_id},invoices.corrispettivi,in uso: FE
active,tenere,GET,/api/corrispettivi/{corrispettivo_id}/view,invoices.corrispettivi,in uso: FE
active,tenere,POST,/api/fatture/sync/quadratura,invoices.fatture_sync,in uso: FE
active,tenere,GET,/api/fatture/sync/status,invoices.fatture_sync,"in uso: FE, scheduler"
active,tenere,POST,/api/fatture/sync/sync,invoices.fatture_sync,"in uso: FE, scheduler"
active,tenere,DELETE,/api/fatture/all,invoices.fatture_upload,in uso: scheduler
active,tenere,POST,/api/fatture/categorize-movements,invoices.fatture_upload,in uso: scheduler
active,tenere,POST,/api/fatture/recalculate-iva,invoices.fatture_upload,in uso: scheduler
active,tenere,POST,/api/fatture/sync-suppliers,invoices.fatture_upload,in uso: scheduler
active,tenere,POST,/api/fatture/upload-xml,invoices.fatture_upload,in uso: scheduler
active,tenere,POST,/api/fatture/upload-xml-bulk,invoices.fatture_upload,in uso: scheduler
active,tenere,DELETE,/api/fatture/{invoice_id},invoices.fatture_upload,"in uso: FE, scheduler"
active,tenere,GET,/api/fatture/{invoice_id},invoices.fatture_upload,"in uso: FE, scheduler"
active,tenere,PUT,/api/fatture/{invoice_id},invoices.fatture_upload,"in uso: FE, scheduler"
active,tenere,PUT,/api/fatture/{invoice_id}/classifica,invoices.fatture_upload,"in uso: FE, scheduler"
active,tenere,GET,/api/fatture/{invoice_id}/entita-correlate,invoices.fatture_upload,"in uso: FE, scheduler"
active,tenere,PUT,/api/fatture/{invoice_id}/paga,invoices.fatture_upload,"in uso: FE, scheduler"
active,tenere,GET,/api/invoices/emesse,invoices.invoices_emesse,in uso: FE
active,tenere,POST,/api/invoices/emesse,invoices.invoices_emesse,in uso: FE
active,tenere,DELETE,/api/invoices/emesse/{invoice_id},invoices.invoices_emesse,in uso: FE
active,tenere,GET,/api/invoices/emesse/{invoice_id},invoices.invoices_emesse,in uso: FE
active,tenere,GET,/api/invoices,invoices.invoices_main,in uso: FE
active,tenere,GET,/api/invoices/bank-pending,invoices.invoices_main,in uso: FE
active,tenere,GET,/api/invoices/by-month/{year}/{month},invoices.invoices_main,in uso: FE
active,tenere,GET,/api/invoices/{invoice_id},invoices.invoices_main,in uso: FE
active,tenere,GET,/api/iva/anomalie,iva,in uso: FE
active,tenere,GET,/api/iva/dashboard/{anno}/{mese},iva,in uso: FE
active,tenere,GET,/api/iva/fatture,iva,"in uso: FE, scheduler"
active,tenere,GET,/api/iva/fatture/non-utilizzate,iva,in uso: FE
active,tenere,POST,/api/iva/fatture/{fid}/correggi-periodo,iva,in uso: FE
active,tenere,POST,/api/iva/fatture/{fid}/escludi,iva,in uso: FE
active,tenere,POST,/api/iva/fatture/{fid}/includi,iva,in uso: FE
active,tenere,POST,/api/iva/fatture/{fid}/indetraibile,iva,in uso: FE
active,tenere,POST,/api/iva/fatture/{fid}/recupero-annuale,iva,in uso: FE
active,tenere,POST,/api/iva/fatture/{fid}/rinvia,iva,in uso: FE
active,tenere,GET,/api/iva/liquidazioni,iva,in uso: FE
active,tenere,POST,/api/iva/liquidazioni/calcola,iva,in uso: FE
active,tenere,POST,/api/iva/liquidazioni/{liq_id}/conferma,iva,in uso: FE
active,tenere,POST,/api/iva/liquidazioni/{liq_id}/rettifica,iva,in uso: FE
active,tenere,POST,/api/iva/liquidazioni/{liq_id}/riapri,iva,in uso: FE
active,tenere,GET,/api/iva/liquidazioni/{periodo},iva,in uso: FE
quarantine,verificare,POST,/api/iva/ricalcola-attribuzione,iva,nessun riferimento noto (FE/scheduler/chat/test): verificare prima di deprecare
quarantine,verificare,GET,/api/iva/ricalcola-attribuzione/ultimo,iva,nessun riferimento noto (FE/scheduler/chat/test): verificare prima di deprecare
active,tenere,GET,/api/iva/riepilogo-annuale/{anno},iva,in uso: FE
quarantine,verificare,GET,/api/iva/versamento/{anno}/{mese},iva,nessun riferimento noto (FE/scheduler/chat/test): verificare prima di deprecare
active,tenere,GET,/api/learning-machine/dashboard,learning_machine,in uso: FE
quarantine,verificare,GET,/api/learning-machine/documenti,learning_machine,nessun riferimento noto (FE/scheduler/chat/test): verificare prima di deprecare
quarantine,verificare,POST,/api/learning-machine/feedback,learning_machine,nessun riferimento noto (FE/scheduler/chat/test): verificare prima di deprecare
active,tenere,GET,/api/learning-machine/regole-apprese,learning_machine,in uso: FE
quarantine,admin-only,DELETE,/api/learning-machine/reset-learning,learning_machine,"endpoint di migrazione/manutenzione one-shot: tenere ma Admin-only, disabilitabile, documentato, non esposto a lungo (§7)"
quarantine,verificare,POST,/api/learning-machine/scan,learning_machine,nessun riferimento noto (FE/scheduler/chat/test): verificare prima di deprecare
quarantine,verificare,GET,/api/learning-machine/statistiche-feedback,learning_machine,nessun riferimento noto (FE/scheduler/chat/test): verificare prima di deprecare
quarantine,verificare,POST,/api/learning-universal/apply-suggestions,learning_universal,nessun riferimento noto (FE/scheduler/chat/test): verificare prima di deprecare
active,tenere,GET,/api/learning-universal/results,learning_universal,in uso: FE
active,tenere,GET,/api/learning-universal/status,learning_universal,in uso: FE
quarantine,verificare,GET,/api/learning-universal/suggestions/{module},learning_universal,nessun riferimento noto (FE/scheduler/chat/test): verificare prima di deprecare
active,tenere,POST,/api/learning-universal/train/all,learning_universal,in uso: FE
quarantine,verificare,GET,/api/data-deletion,legal_pages,nessun riferimento noto (FE/scheduler/chat/test): verificare prima di deprecare
quarantine,verificare,GET,/api/privacy,legal_pages,nessun riferimento noto (FE/scheduler/chat/test): verificare prima di deprecare
quarantine,verificare,GET,/api/terms,legal_pages,nessun riferimento noto (FE/scheduler/chat/test): verificare prima di deprecare
quarantine,verificare,GET,/data-deletion,legal_pages,nessun riferimento noto (FE/scheduler/chat/test): verificare prima di deprecare
quarantine,verificare,GET,/privacy,legal_pages,nessun riferimento noto (FE/scheduler/chat/test): verificare prima di deprecare
quarantine,verificare,GET,/terms,legal_pages,nessun riferimento noto (FE/scheduler/chat/test): verificare prima di deprecare
active,tenere,POST,/api/auth/mfa/disable,mfa,in uso: FE
active,tenere,POST,/api/auth/mfa/setup/confirm,mfa,in uso: FE
active,tenere,POST,/api/auth/mfa/setup/start,mfa,in uso: FE
active,tenere,GET,/api/auth/mfa/status,mfa,in uso: FE
active,tenere,POST,/api/auth/mfa/step-up,mfa,in uso: FE
active,tenere,POST,/api/auth/mfa/verify-login,mfa,in uso: FE
quarantine,verificare,POST,/api/pagamenti/assegno-multi-fatture,multi_pagamento,nessun riferimento noto (FE/scheduler/chat/test): verificare prima di deprecare
quarantine,verificare,POST,/api/pagamenti/fattura-multi-metodo,multi_pagamento,nessun riferimento noto (FE/scheduler/chat/test): verificare prima di deprecare
quarantine,verificare,GET,/api/pagamenti/fattura/{fattura_id},multi_pagamento,nessun riferimento noto (FE/scheduler/chat/test): verificare prima di deprecare
active,tenere,POST,/api/pagamenti/registra,multi_pagamento,"in uso: FE, scheduler"
quarantine,verificare,GET,/api/pagamenti/riepilogo-fornitore/{piva},multi_pagamento,nessun riferimento noto (FE/scheduler/chat/test): verificare prima di deprecare
quarantine,verificare,DELETE,/api/pagamenti/{pagamento_id},multi_pagamento,nessun riferimento noto (FE/scheduler/chat/test): verificare prima di deprecare
active,tenere,GET,/api/mutui,mutui,in uso: FE
active,tenere,GET,/api/mutui/,mutui,in uso: FE
active,tenere,POST,/api/mutui/,mutui,in uso: FE
active,tenere,POST,/api/mutui/riconcilia,mutui,in uso: FE
active,tenere,GET,/api/mutui/statistiche/dashboard,mutui,in uso: FE
active,tenere,DELETE,/api/mutui/{mutuo_id},mutui,in uso: FE
active,tenere,GET,/api/mutui/{mutuo_id},mutui,in uso: FE
active,tenere,PUT,/api/mutui/{mutuo_id},mutui,in uso: FE
active,tenere,GET,/api/mutui/{mutuo_id}/rate,mutui,in uso: FE
active,tenere,PUT,/api/mutui/{mutuo_id}/rate/{numero_rata}/riconcilia,mutui,in uso: FE
active,tenere,POST,/api/mutui/import-pdf,mutui_parser,in uso: FE
active,tenere,POST,/api/mutui/parse-multiple,mutui_parser,in uso: FE
active,tenere,POST,/api/mutui/parse-pdf,mutui_parser,in uso: FE
quarantine,verificare,GET,/api/nexi/movimenti,nexi_carta,nessun riferimento noto (FE/scheduler/chat/test): verificare prima di deprecare
active,tenere,GET,/api/nexi/stato,nexi_carta,in uso: FE
quarantine,verificare,POST,/api/nexi/upload-pdf,nexi_carta,nessun riferimento noto (FE/scheduler/chat/test): verificare prima di deprecare
quarantine,verificare,POST,/api/nexi/verifica,nexi_carta,nessun riferimento noto (FE/scheduler/chat/test): verificare prima di deprecare
active,tenere,POST,/api/noleggio/associa-fornitore,noleggio,in uso: FE
quarantine,verificare,POST,/api/noleggio/controllo-canoni,noleggio,nessun riferimento noto (FE/scheduler/chat/test): verificare prima di deprecare
active,tenere,GET,/api/noleggio/drivers,noleggio,in uso: FE
active,tenere,GET,/api/noleggio/export-pdf-costi,noleggio,in uso: FE
quarantine,verificare,GET,/api/noleggio/fatture-non-associate,noleggio,nessun riferimento noto (FE/scheduler/chat/test): verificare prima di deprecare
active,tenere,POST,/api/noleggio/fatture/{fattura_id}/associa-veicolo,noleggio,in uso: FE
active,tenere,GET,/api/noleggio/fornitori,noleggio,in uso: FE
quarantine,verificare,GET,/api/noleggio/riepilogo-controlli,noleggio,nessun riferimento noto (FE/scheduler/chat/test): verificare prima di deprecare
active,tenere,GET,/api/noleggio/veicoli,noleggio,in uso: FE
active,tenere,POST,/api/noleggio/veicoli,noleggio,in uso: FE
active,tenere,DELETE,/api/noleggio/veicoli/{targa},noleggio,in uso: FE
active,tenere,PUT,/api/noleggio/veicoli/{targa},noleggio,in uso: FE
active,tenere,GET,/api/noleggio/veicoli/{targa}/completo,noleggio,in uso: FE
quarantine,verificare,GET,/api/noleggio/verbali-dipendente,noleggio,nessun riferimento noto (FE/scheduler/chat/test): verificare prima di deprecare
active,tenere,POST,/api/openapi-automotive/aggiorna-veicolo,openapi_automotive,in uso: FE
quarantine,verificare,GET,/api/openapi-automotive/assicurazione/{targa},openapi_automotive,nessun riferimento noto (FE/scheduler/chat/test): verificare prima di deprecare
active,tenere,GET,/api/openapi-automotive/info/{targa},openapi_automotive,in uso: FE
quarantine,verificare,GET,/api/openapi-automotive/status,openapi_automotive,nessun riferimento noto (FE/scheduler/chat/test): verificare prima di deprecare
quarantine,verificare,GET,/api/openapi-automotive/veicoli-da-aggiornare,openapi_automotive,nessun riferimento noto (FE/scheduler/chat/test): verificare prima di deprecare
active,tenere,POST,/api/openapi-imprese/aggiorna-fornitore,openapi_imprese,in uso: FE
active,tenere,GET,/api/openapi-imprese/cerca,openapi_imprese,in uso: FE
active,tenere,GET,/api/openapi-imprese/info/{partita_iva},openapi_imprese,in uso: FE
quarantine,verificare,GET,/api/openapi-imprese/pec/{partita_iva},openapi_imprese,nessun riferimento noto (FE/scheduler/chat/test): verificare prima di deprecare
quarantine,verificare,GET,/api/openapi-imprese/sdi/{partita_iva},openapi_imprese,nessun riferimento noto (FE/scheduler/chat/test): verificare prima di deprecare
quarantine,verificare,GET,/api/openapi-imprese/status,openapi_imprese,nessun riferimento noto (FE/scheduler/chat/test): verificare prima di deprecare
quarantine,verificare,POST,/api/openapi/aisp/connetti-conto,openapi_it,nessun riferimento noto (FE/scheduler/chat/test): verificare prima di deprecare
quarantine,verificare,GET,/api/openapi/aisp/movimenti,openapi_it,nessun riferimento noto (FE/scheduler/chat/test): verificare prima di deprecare
quarantine,verificare,GET,/api/openapi/aisp/status,openapi_it,nessun riferimento noto (FE/scheduler/chat/test): verificare prima di deprecare
quarantine,verificare,POST,/api/openapi/visure/richiedi,openapi_it,nessun riferimento noto (FE/scheduler/chat/test): verificare prima di deprecare
active,tenere,GET,/api/openapi/xbrl/bilancio/{request_id},openapi_it,in uso: FE
active,tenere,GET,/api/openapi/xbrl/download/{request_id},openapi_it,in uso: FE
active,tenere,GET,/api/openapi/xbrl/download/{request_id}/{tipo},openapi_it,in uso: FE
active,tenere,POST,/api/openapi/xbrl/richiedi-bilancio,openapi_it,in uso: FE
active,tenere,POST,/api/openapi/xbrl/richiedi-riclassificato,openapi_it,in uso: FE
active,tenere,GET,/api/openapi/xbrl/status,openapi_it,in uso: FE
active,tenere,GET,/api/openapi/xbrl/storico-richieste,openapi_it,in uso: FE
active,tenere,POST,/api/operazioni-da-confermare/smart/ignora,operazioni_module,in uso: FE
active,tenere,POST,/api/operazioni-da-confermare/smart/riconcilia-stipendio,operazioni_module,in uso: FE
active,tenere,GET,/api/operazioni-da-confermare/smart/analizza,operazioni_module.smart,in uso: FE
active,tenere,GET,/api/operazioni-da-confermare/smart/analizza-anomalie,operazioni_module.smart,in uso: FE
active,tenere,GET,/api/operazioni-da-confermare/smart/banca-veloce,operazioni_module.smart,in uso: FE
active,tenere,GET,/api/operazioni-da-confermare/smart/cerca-f24,operazioni_module.smart,in uso: FE
active,tenere,GET,/api/operazioni-da-confermare/smart/cerca-fatture,operazioni_module.smart,in uso: FE
active,tenere,GET,/api/operazioni-da-confermare/smart/cerca-stipendi,operazioni_module.smart,in uso: FE
active,tenere,POST,/api/operazioni-da-confermare/smart/conferma-f24,operazioni_module.smart,in uso: FE
active,tenere,GET,/api/operazioni-da-confermare/smart/movimento/{movimento_id},operazioni_module.smart,in uso: FE
active,tenere,POST,/api/operazioni-da-confermare/smart/riconcilia-manuale,operazioni_module.smart,in uso: FE
quarantine,verificare,GET,/api/pagamenti-buoni,pagamenti_buoni,nessun riferimento noto (FE/scheduler/chat/test): verificare prima di deprecare
quarantine,verificare,POST,/api/pagamenti-buoni/import,pagamenti_buoni,nessun riferimento noto (FE/scheduler/chat/test): verificare prima di deprecare
active,tenere,POST,/api/pagopa/auto-associa,pagopa,in uso: FE
quarantine,verificare,POST,/api/pagopa/cerca-movimenti-pagopa,pagopa,nessun riferimento noto (FE/scheduler/chat/test): verificare prima di deprecare
quarantine,verificare,GET,/api/pagopa/movimenti-agenzia-entrate,pagopa,nessun riferimento noto (FE/scheduler/chat/test): verificare prima di deprecare
active,tenere,GET,/api/pagopa/ricevute,pagopa,in uso: FE
active,tenere,POST,/api/pagopa/ricevute/associa-manuale,pagopa,in uso: FE
active,tenere,POST,/api/pagopa/ricevute/upload,pagopa,in uso: FE
active,tenere,GET,/api/pagopa/ricevute/{ricevuta_id}/pdf,pagopa,in uso: FE
active,tenere,GET,/api/pagopa/stats,pagopa,in uso: FE
quarantine,verificare,GET,/api/partite-aperte/lista,partite_aperte_api,nessun riferimento noto (FE/scheduler/chat/test): verificare prima di deprecare
quarantine,verificare,GET,/api/partite-aperte/scadute,partite_aperte_api,nessun riferimento noto (FE/scheduler/chat/test): verificare prima di deprecare
quarantine,verificare,GET,/api/partite-aperte/stats,partite_aperte_api,nessun riferimento noto (FE/scheduler/chat/test): verificare prima di deprecare
quarantine,verificare,GET,/api/paypal-api/account-ids-non-mappati,paypal_api,nessun riferimento noto (FE/scheduler/chat/test): verificare prima di deprecare
quarantine,verificare,POST,/api/paypal-api/account/{paypal_account_id}/cerca-fattura-email,paypal_api,nessun riferimento noto (FE/scheduler/chat/test): verificare prima di deprecare
quarantine,verificare,POST,/api/paypal-api/crea-fornitore-e-mappa,paypal_api,nessun riferimento noto (FE/scheduler/chat/test): verificare prima di deprecare
quarantine,verificare,POST,/api/paypal-api/mappa-fornitore,paypal_api,nessun riferimento noto (FE/scheduler/chat/test): verificare prima di deprecare
quarantine,verificare,GET,/api/paypal-api/ricevuta-pdf/{transaction_id},paypal_api,nessun riferimento noto (FE/scheduler/chat/test): verificare prima di deprecare
quarantine,verificare,POST,/api/paypal-api/riconcilia,paypal_api,nessun riferimento noto (FE/scheduler/chat/test): verificare prima di deprecare
quarantine,verificare,POST,/api/paypal-api/smappa-fornitore,paypal_api,nessun riferimento noto (FE/scheduler/chat/test): verificare prima di deprecare
active,tenere,GET,/api/paypal-api/status,paypal_api,"in uso: FE, scheduler, chat"
active,tenere,POST,/api/paypal-api/sync,paypal_api,in uso: FE
active,tenere,POST,/api/paypal-api/sync/incremental,paypal_api,in uso: FE
active,tenere,POST,/api/paypal-api/sync/month,paypal_api,in uso: FE
quarantine,verificare,POST,/api/paypal-api/webhook,paypal_api,nessun riferimento noto (FE/scheduler/chat/test): verificare prima di deprecare
active,tenere,POST,/api/paypal-statements/auto-associa,paypal_statements,in uso: scheduler
quarantine,verificare,POST,/api/paypal-statements/auto-cerca-gmail,paypal_statements,nessun riferimento noto (FE/scheduler/chat/test): verificare prima di deprecare
active,tenere,GET,/api/paypal-statements/bank-movements,paypal_statements,in uso: FE
active,tenere,GET,/api/paypal-statements/dashboard,paypal_statements,in uso: FE
quarantine,verificare,POST,/api/paypal-statements/import-all-local,paypal_statements,nessun riferimento noto (FE/scheduler/chat/test): verificare prima di deprecare
quarantine,verificare,POST,/api/paypal-statements/import-csv,paypal_statements,nessun riferimento noto (FE/scheduler/chat/test): verificare prima di deprecare
quarantine,verificare,POST,/api/paypal-statements/import-pdf,paypal_statements,nessun riferimento noto (FE/scheduler/chat/test): verificare prima di deprecare
quarantine,verificare,POST,/api/paypal-statements/pulisci-match-solo-importo,paypal_statements,nessun riferimento noto (FE/scheduler/chat/test): verificare prima di deprecare
active,tenere,GET,/api/paypal-statements/report,paypal_statements,in uso: FE
quarantine,verificare,POST,/api/paypal-statements/riconcilia-banca,paypal_statements,nessun riferimento noto (FE/scheduler/chat/test): verificare prima di deprecare
active,tenere,POST,/api/paypal-statements/riprocessa,paypal_statements,in uso: FE
active,tenere,GET,/api/paypal-statements/statements,paypal_statements,in uso: FE
active,tenere,GET,/api/paypal-statements/transactions,paypal_statements,in uso: FE
active,tenere,PUT,/api/paypal-statements/transactions/{transaction_id}/descrizione,paypal_statements,in uso: FE
quarantine,verificare,POST,/api/paypal-statements/transazione/{transaction_id}/associa,paypal_statements,nessun riferimento noto (FE/scheduler/chat/test): verificare prima di deprecare
quarantine,verificare,GET,/api/paypal-statements/transazione/{transaction_id}/cerca-gmail,paypal_statements,nessun riferimento noto (FE/scheduler/chat/test): verificare prima di deprecare
quarantine,verificare,GET,/api/paypal-statements/transazione/{transaction_id}/dettaglio,paypal_statements,nessun riferimento noto (FE/scheduler/chat/test): verificare prima di deprecare
quarantine,verificare,GET,/api/pianificazione/costi-previsionali,pianificazione,nessun riferimento noto (FE/scheduler/chat/test): verificare prima di deprecare
quarantine,verificare,POST,/api/pianificazione/costi-previsionali,pianificazione,nessun riferimento noto (FE/scheduler/chat/test): verificare prima di deprecare
quarantine,verificare,DELETE,/api/pianificazione/costi-previsionali/{costo_id},pianificazione,nessun riferimento noto (FE/scheduler/chat/test): verificare prima di deprecare
active,tenere,POST,/api/auth/pin-login,pin_login,in uso: FE
active,tenere,GET,/api/auth/pin-login/health,pin_login,in uso: FE
quarantine,verificare,GET,/api/pos-corrispettivi/alert-oggi,pos_corrispettivi_check,nessun riferimento noto (FE/scheduler/chat/test): verificare prima di deprecare
quarantine,verificare,GET,/api/pos-corrispettivi/anomalie-gravi,pos_corrispettivi_check,nessun riferimento noto (FE/scheduler/chat/test): verificare prima di deprecare
active,tenere,PUT,/api/pos-corrispettivi/chiusura-giornaliera,pos_corrispettivi_check,in uso: FE
active,tenere,GET,/api/pos-corrispettivi/chiusura-giornaliera/audit,pos_corrispettivi_check,in uso: FE
active,tenere,POST,/api/pos-corrispettivi/chiusure-giornaliere/batch,pos_corrispettivi_check,in uso: FE
active,tenere,GET,/api/pos-corrispettivi/controllo-due-fasi,pos_corrispettivi_check,in uso: FE
quarantine,verificare,POST,/api/pos-corrispettivi/riconcilia-pos-giorno,pos_corrispettivi_check,nessun riferimento noto (FE/scheduler/chat/test): verificare prima di deprecare
active,tenere,GET,/api/pos-corrispettivi/riepilogo-mensile,pos_corrispettivi_check,in uso: FE
active,tenere,GET,/api/pos-corrispettivi/verifica-coerenza,pos_corrispettivi_check,in uso: FE
quarantine,verificare,GET,/api/previsioni-acquisti/confronto-ordine,previsioni_acquisti,nessun riferimento noto (FE/scheduler/chat/test): verificare prima di deprecare
active,tenere,POST,/api/previsioni-acquisti/popola-storico,previsioni_acquisti,in uso: FE
active,tenere,GET,/api/previsioni-acquisti/previsioni,previsioni_acquisti,in uso: FE
quarantine,verificare,GET,/api/previsioni-acquisti/prodotti,previsioni_acquisti,nessun riferimento noto (FE/scheduler/chat/test): verificare prima di deprecare
active,tenere,GET,/api/previsioni-acquisti/statistiche,previsioni_acquisti,in uso: FE
active,tenere,GET,/api/prima-nota/banca/template-csv,prima_nota_module,in uso: FE
active,tenere,GET,/api/prima-nota/cassa/template-csv,prima_nota_module,in uso: FE
active,tenere,GET,/api/prima-nota/banca,prima_nota_module.banca,in uso: FE
active,tenere,POST,/api/prima-nota/banca,prima_nota_module.banca,in uso: FE
active,tenere,GET,/api/prima-nota/banca/analisi-righe-grezze,prima_nota_module.banca,in uso: FE
active,tenere,GET,/api/prima-nota/banca/candidati-per-fattura,prima_nota_module.banca,in uso: FE
active,tenere,DELETE,/api/prima-nota/banca/delete-all,prima_nota_module.banca,in uso: FE
active,tenere,DELETE,/api/prima-nota/banca/delete-by-source/{source},prima_nota_module.banca,in uso: FE
active,tenere,GET,/api/prima-nota/banca/in-attesa-documento,prima_nota_module.banca,in uso: FE
active,tenere,DELETE,/api/prima-nota/banca/{movimento_id},prima_nota_module.banca,in uso: FE
active,tenere,PUT,/api/prima-nota/banca/{movimento_id},prima_nota_module.banca,in uso: FE
active,tenere,GET,/api/prima-nota/banca/{movimento_id}/fattura,prima_nota_module.banca,in uso: FE
active,tenere,GET,/api/prima-nota/sumup,prima_nota_module.banca,in uso: FE
active,tenere,GET,/api/prima-nota/cassa,prima_nota_module.cassa,in uso: FE
active,tenere,POST,/api/prima-nota/cassa,prima_nota_module.cassa,in uso: FE
active,tenere,GET,/api/prima-nota/cassa/analisi-movimenti-bancari-errati,prima_nota_module.cassa,in uso: FE
active,tenere,DELETE,/api/prima-nota/cassa/delete-all,prima_nota_module.cassa,in uso: FE
active,tenere,DELETE,/api/prima-nota/cassa/delete-by-source/{source},prima_nota_module.cassa,in uso: FE
active,tenere,DELETE,/api/prima-nota/cassa/elimina-movimenti-bancari-errati,prima_nota_module.cassa,in uso: FE
active,tenere,DELETE,/api/prima-nota/cassa/{movimento_id},prima_nota_module.cassa,in uso: FE
active,tenere,PUT,/api/prima-nota/cassa/{movimento_id},prima_nota_module.cassa,in uso: FE
active,tenere,GET,/api/prima-nota/cassa/{movimento_id}/fattura,prima_nota_module.cassa,in uso: FE
quarantine,verificare,POST,/api/prima-nota/annulla-associazione-fattura-banca,prima_nota_module.manutenzione,nessun riferimento noto (FE/scheduler/chat/test): verificare prima di deprecare
quarantine,verificare,POST,/api/prima-nota/arricchisci-pagamenti-banca,prima_nota_module.manutenzione,nessun riferimento noto (FE/scheduler/chat/test): verificare prima di deprecare
active,tenere,POST,/api/prima-nota/cassa/fix-corrispettivi-importo,prima_nota_module.manutenzione,in uso: FE
active,tenere,GET,/api/prima-nota/cassa/verifica-entrate-corrispettivi,prima_nota_module.manutenzione,in uso: FE
quarantine,admin-only,POST,/api/prima-nota/cleanup-orphan-movements,prima_nota_module.manutenzione,"endpoint di migrazione/manutenzione one-shot: tenere ma Admin-only, disabilitabile, documentato, non esposto a lungo (§7)"
quarantine,verificare,POST,/api/prima-nota/collega-banca-estratto-conto,prima_nota_module.manutenzione,nessun riferimento noto (FE/scheduler/chat/test): verificare prima di deprecare
quarantine,verificare,POST,/api/prima-nota/collega-corrispettivi,prima_nota_module.manutenzione,nessun riferimento noto (FE/scheduler/chat/test): verificare prima di deprecare
active,tenere,POST,/api/prima-nota/dedup-fatture,prima_nota_module.manutenzione,in uso: FE
quarantine,verificare,POST,/api/prima-nota/dedup-righe-estratto-conto,prima_nota_module.manutenzione,nessun riferimento noto (FE/scheduler/chat/test): verificare prima di deprecare
active,tenere,GET,/api/prima-nota/diagnostica-corrispettivi,prima_nota_module.manutenzione,in uso: FE
active,tenere,GET,/api/prima-nota/diagnostica-metodi,prima_nota_module.manutenzione,in uso: FE
quarantine,verificare,POST,/api/prima-nota/fix-categories-and-duplicates,prima_nota_module.manutenzione,nessun riferimento noto (FE/scheduler/chat/test): verificare prima di deprecare
quarantine,verificare,POST,/api/prima-nota/fix-date-formato-italiano,prima_nota_module.manutenzione,nessun riferimento noto (FE/scheduler/chat/test): verificare prima di deprecare
quarantine,verificare,POST,/api/prima-nota/fix-tipo-movimento,prima_nota_module.manutenzione,nessun riferimento noto (FE/scheduler/chat/test): verificare prima di deprecare
quarantine,verificare,POST,/api/prima-nota/fix-versamenti-duplicati,prima_nota_module.manutenzione,nessun riferimento noto (FE/scheduler/chat/test): verificare prima di deprecare
quarantine,admin-only,POST,/api/prima-nota/migra-pos-accrediti-reali,prima_nota_module.manutenzione,"endpoint di migrazione/manutenzione one-shot: tenere ma Admin-only, disabilitabile, documentato, non esposto a lungo (§7)"
quarantine,admin-only,POST,/api/prima-nota/migrazione-pulisci-bancari-cassa,prima_nota_module.manutenzione,"endpoint di migrazione/manutenzione one-shot: tenere ma Admin-only, disabilitabile, documentato, non esposto a lungo (§7)"
quarantine,verificare,GET,/api/prima-nota/movimenti-ec-non-in-prima-nota,prima_nota_module.manutenzione,nessun riferimento noto (FE/scheduler/chat/test): verificare prima di deprecare
quarantine,admin-only,POST,/api/prima-nota/pulizia-pre-anno,prima_nota_module.manutenzione,"endpoint di migrazione/manutenzione one-shot: tenere ma Admin-only, disabilitabile, documentato, non esposto a lungo (§7)"
quarantine,verificare,POST,/api/prima-nota/recalculate-balances,prima_nota_module.manutenzione,nessun riferimento noto (FE/scheduler/chat/test): verificare prima di deprecare
quarantine,verificare,POST,/api/prima-nota/regenerate-from-invoices,prima_nota_module.manutenzione,nessun riferimento noto (FE/scheduler/chat/test): verificare prima di deprecare
quarantine,verificare,POST,/api/prima-nota/ripristina-fatture-movimento-cancellato,prima_nota_module.manutenzione,nessun riferimento noto (FE/scheduler/chat/test): verificare prima di deprecare
quarantine,verificare,POST,/api/prima-nota/ripristina-provvisori-metodo-errato,prima_nota_module.manutenzione,nessun riferimento noto (FE/scheduler/chat/test): verificare prima di deprecare
active,tenere,POST,/api/prima-nota/sposta-movimento,prima_nota_module.manutenzione,in uso: FE
quarantine,verificare,POST,/api/prima-nota/unifica-categorie,prima_nota_module.manutenzione,nessun riferimento noto (FE/scheduler/chat/test): verificare prima di deprecare
quarantine,verificare,GET,/api/prima-nota/verifica-metodo-fattura/{fattura_id},prima_nota_module.manutenzione,nessun riferimento noto (FE/scheduler/chat/test): verificare prima di deprecare
active,tenere,GET,/api/prima-nota/indice-operazioni,prima_nota_module.operation_index,in uso: FE
active,tenere,PUT,/api/prima-nota/indice-operazioni/{movement_id},prima_nota_module.operation_index,in uso: FE
active,tenere,GET,/api/prima-nota/indice-operazioni/{movement_id}/candidati,prima_nota_module.operation_index,in uso: FE
quarantine,verificare,GET,/api/prima-nota/salari,prima_nota_module.salari,nessun riferimento noto (FE/scheduler/chat/test): verificare prima di deprecare
quarantine,verificare,POST,/api/prima-nota/salari,prima_nota_module.salari,nessun riferimento noto (FE/scheduler/chat/test): verificare prima di deprecare
quarantine,verificare,GET,/api/prima-nota/salari/stats,prima_nota_module.salari,nessun riferimento noto (FE/scheduler/chat/test): verificare prima di deprecare
quarantine,verificare,DELETE,/api/prima-nota/salari/{movimento_id},prima_nota_module.salari,nessun riferimento noto (FE/scheduler/chat/test): verificare prima di deprecare
quarantine,verificare,GET,/api/prima-nota/anni-disponibili,prima_nota_module.stats,nessun riferimento noto (FE/scheduler/chat/test): verificare prima di deprecare
quarantine,verificare,GET,/api/prima-nota/export/excel,prima_nota_module.stats,nessun riferimento noto (FE/scheduler/chat/test): verificare prima di deprecare
quarantine,verificare,GET,/api/prima-nota/saldi-finanziari,prima_nota_module.stats,nessun riferimento noto (FE/scheduler/chat/test): verificare prima di deprecare
quarantine,verificare,GET,/api/prima-nota/saldo-finale,prima_nota_module.stats,nessun riferimento noto (FE/scheduler/chat/test): verificare prima di deprecare
active,tenere,GET,/api/prima-nota/saldo-iniziale,prima_nota_module.stats,in uso: FE
active,tenere,PUT,/api/prima-nota/saldo-iniziale,prima_nota_module.stats,in uso: FE
active,tenere,DELETE,/api/prima-nota/saldo-iniziale/{tipo}/{anno},prima_nota_module.stats,in uso: FE
active,tenere,GET,/api/prima-nota/stats,prima_nota_module.stats,in uso: FE
active,tenere,POST,/api/prima-nota/banca/sync-estratto-conto,prima_nota_module.sync,in uso: FE
active,tenere,POST,/api/prima-nota/cassa/crea-entrata-da-corrispettivo,prima_nota_module.sync,in uso: FE
active,tenere,POST,/api/prima-nota/cassa/sync-corrispettivi,prima_nota_module.sync,in uso: FE
active,tenere,POST,/api/prima-nota/cassa/sync-fatture-pagate,prima_nota_module.sync,in uso: FE
quarantine,verificare,POST,/api/prima-nota/collega-fatture,prima_nota_module.sync,nessun riferimento noto (FE/scheduler/chat/test): verificare prima di deprecare
quarantine,verificare,GET,/api/prima-nota/corrispettivi-status,prima_nota_module.sync,nessun riferimento noto (FE/scheduler/chat/test): verificare prima di deprecare
quarantine,verificare,POST,/api/prima-nota/import-batch,prima_nota_module.sync,nessun riferimento noto (FE/scheduler/chat/test): verificare prima di deprecare
quarantine,verificare,POST,/api/prima-nota/movimento,prima_nota_module.sync,nessun riferimento noto (FE/scheduler/chat/test): verificare prima di deprecare
active,tenere,GET,/api/prima-nota/provvisori,prima_nota_module.sync,in uso: FE
active,tenere,POST,/api/prima-nota/provvisori/annulla-auto-conferma,prima_nota_module.sync,in uso: FE
active,tenere,GET,/api/prima-nota/provvisori/assegni-proposti,prima_nota_module.sync,in uso: FE
active,tenere,POST,/api/prima-nota/provvisori/associa-assegno,prima_nota_module.sync,in uso: FE
active,tenere,POST,/api/prima-nota/provvisori/attendi-banca,prima_nota_module.sync,in uso: FE
active,tenere,POST,/api/prima-nota/provvisori/auto-conferma-per-metodo,prima_nota_module.sync,in uso: FE
active,tenere,POST,/api/prima-nota/provvisori/conferma,prima_nota_module.sync,in uso: FE
active,tenere,POST,/api/prima-nota/provvisori/conferma-divisione,prima_nota_module.sync,in uso: FE
active,tenere,POST,/api/prima-nota/provvisori/conferma-multipla,prima_nota_module.sync,in uso: FE
active,tenere,POST,/api/prima-nota/provvisori/da-decidere,prima_nota_module.sync,in uso: FE
active,tenere,POST,/api/prima-nota/provvisori/segnala-dubbio,prima_nota_module.sync,in uso: FE
quarantine,verificare,POST,/api/prima-nota/registra-fattura,prima_nota_module.sync,nessun riferimento noto (FE/scheduler/chat/test): verificare prima di deprecare
quarantine,verificare,POST,/api/prima-nota/sposta-cassa-pagate-in-banca,prima_nota_module.sync,nessun riferimento noto (FE/scheduler/chat/test): verificare prima di deprecare
active,tenere,POST,/api/prima-nota/sposta-scrittura,prima_nota_module.sync,in uso: FE
quarantine,verificare,POST,/api/prima-nota/sync-corrispettivi,prima_nota_module.sync,nessun riferimento noto (FE/scheduler/chat/test): verificare prima di deprecare
active,tenere,POST,/api/assegni,public_api,in uso: FE
quarantine,verificare,GET,/api/assegni-legacy,public_api,nessun riferimento noto (FE/scheduler/chat/test): verificare prima di deprecare
active,tenere,GET,/api/bank/statements,public_api,in uso: FE
active,tenere,POST,/api/bank/statements,public_api,in uso: FE
active,tenere,GET,/api/cash,public_api,in uso: FE
active,tenere,POST,/api/cash,public_api,in uso: FE
quarantine,verificare,GET,/api/dashboard/stats-legacy,public_api,nessun riferimento noto (FE/scheduler/chat/test): verificare prima di deprecare
quarantine,verificare,GET,/api/f24-public/alerts,public_api,nessun riferimento noto (FE/scheduler/chat/test): verificare prima di deprecare
quarantine,verificare,GET,/api/f24-public/dashboard,public_api,nessun riferimento noto (FE/scheduler/chat/test): verificare prima di deprecare
active,tenere,GET,/api/pianificazione/events,public_api,in uso: FE
active,tenere,POST,/api/pianificazione/events,public_api,in uso: FE
quarantine,verificare,POST,/api/portal/upload,public_api,nessun riferimento noto (FE/scheduler/chat/test): verificare prima di deprecare
quarantine,verificare,GET,/api/ricerca-globale,public_api,nessun riferimento noto (FE/scheduler/chat/test): verificare prima di deprecare
quarantine,verificare,POST,/api/suppliers-legacy,public_api,nessun riferimento noto (FE/scheduler/chat/test): verificare prima di deprecare
active,tenere,GET,/api/suppliers/{supplier_id}/inventory,public_api,in uso: FE
quarantine,verificare,GET,/api/v1/fatture,public_api,nessun riferimento noto (FE/scheduler/chat/test): verificare prima di deprecare
quarantine,verificare,GET,/api/v1/keys,public_api,nessun riferimento noto (FE/scheduler/chat/test): verificare prima di deprecare
quarantine,verificare,POST,/api/v1/keys/generate,public_api,nessun riferimento noto (FE/scheduler/chat/test): verificare prima di deprecare
quarantine,verificare,GET,/api/v1/movimenti,public_api,nessun riferimento noto (FE/scheduler/chat/test): verificare prima di deprecare
quarantine,verificare,GET,/api/v1/stats,public_api,nessun riferimento noto (FE/scheduler/chat/test): verificare prima di deprecare
quarantine,verificare,GET,/api/warehouse/movements,public_api,nessun riferimento noto (FE/scheduler/chat/test): verificare prima di deprecare
quarantine,verificare,POST,/api/warehouse/movements,public_api,nessun riferimento noto (FE/scheduler/chat/test): verificare prima di deprecare
active,tenere,GET,/api/warehouse/products,public_api,in uso: FE
active,tenere,POST,/api/warehouse/products,public_api,in uso: FE
active,tenere,DELETE,/api/warehouse/products/{product_id},public_api,in uso: FE
active,tenere,PUT,/api/warehouse/products/{product_id},public_api,in uso: FE
active,tenere,POST,/api/rapido/acconto-dipendente,rapido,in uso: FE
active,tenere,POST,/api/rapido/apporto-soci,rapido,in uso: FE
active,tenere,POST,/api/rapido/corrispettivo,rapido,in uso: FE
active,tenere,GET,/api/rapido/dipendenti-attivi,rapido,"in uso: FE, chat"
active,tenere,POST,/api/rapido/paga-fattura,rapido,in uso: FE
active,tenere,POST,/api/rapido/presenza,rapido,in uso: FE
active,tenere,GET,/api/rapido/ultimi-inserimenti,rapido,in uso: FE
active,tenere,POST,/api/rapido/versamento-banca,rapido,in uso: FE
quarantine,verificare,GET,/api/dashboard/bilancio-istantaneo,reports.dashboard,nessun riferimento noto (FE/scheduler/chat/test): verificare prima di deprecare
quarantine,verificare,GET,/api/dashboard/confronto-annuale,reports.dashboard,nessun riferimento noto (FE/scheduler/chat/test): verificare prima di deprecare
active,tenere,GET,/api/dashboard/fascia-energia,reports.dashboard,in uso: FE
quarantine,verificare,GET,/api/dashboard/kpi,reports.dashboard,nessun riferimento noto (FE/scheduler/chat/test): verificare prima di deprecare
quarantine,verificare,GET,/api/dashboard/spese-per-categoria,reports.dashboard,nessun riferimento noto (FE/scheduler/chat/test): verificare prima di deprecare
quarantine,verificare,GET,/api/dashboard/stato-riconciliazione,reports.dashboard,nessun riferimento noto (FE/scheduler/chat/test): verificare prima di deprecare
quarantine,verificare,GET,/api/dashboard/stats,reports.dashboard,nessun riferimento noto (FE/scheduler/chat/test): verificare prima di deprecare
quarantine,verificare,GET,/api/dashboard/summary,reports.dashboard,nessun riferimento noto (FE/scheduler/chat/test): verificare prima di deprecare
active,tenere,GET,/api/dashboard/trend-mensile,reports.dashboard,"in uso: FE, chat"
quarantine,verificare,GET,/api/riconciliazione/stats,riconciliazione_stats_api,nessun riferimento noto (FE/scheduler/chat/test): verificare prima di deprecare
active,tenere,GET,/api/ritenute,ritenute,in uso: FE
active,tenere,GET,/api/ritenute/codici-ravvedimento,ritenute,in uso: FE
active,tenere,POST,/api/ritenute/scan,ritenute,in uso: FE
active,tenere,GET,/api/ritenute/verifica-caso-1040,ritenute,in uso: FE
active,tenere,GET,/api/scadenzario-fornitori/,scadenzario_fornitori,in uso: FE
active,tenere,PUT,/api/scadenzario-fornitori/aggiorna-scadenza,scadenzario_fornitori,in uso: FE
active,tenere,GET,/api/scadenzario-fornitori/aging,scadenzario_fornitori,in uso: FE
active,tenere,GET,/api/scadenzario-fornitori/cash-flow-previsionale,scadenzario_fornitori,in uso: FE
active,tenere,GET,/api/scadenzario-fornitori/scadenze-integrate,scadenzario_fornitori,in uso: FE
active,tenere,GET,/api/scadenzario-fornitori/urgenti,scadenzario_fornitori,in uso: FE
active,tenere,GET,/api/scadenze,scadenze,in uso: FE
active,tenere,GET,/api/scadenze/,scadenze,in uso: FE
active,tenere,PUT,/api/scadenze/completa/{notifica_id},scadenze,in uso: FE
active,tenere,POST,/api/scadenze/crea,scadenze,in uso: FE
active,tenere,GET,/api/scadenze/dashboard-widget,scadenze,in uso: FE
active,tenere,GET,/api/scadenze/iva-mensile/{anno},scadenze,in uso: FE
active,tenere,GET,/api/scadenze/prossime,scadenze,in uso: FE
active,tenere,GET,/api/scadenze/tutte,scadenze,in uso: FE
active,tenere,DELETE,/api/scadenze/{notifica_id},scadenze,in uso: FE
active,tenere,GET,/api/settings,settings,in uso: FE
active,tenere,PUT,/api/settings,settings,in uso: FE
quarantine,verificare,GET,/api/settings/logo,settings,nessun riferimento noto (FE/scheduler/chat/test): verificare prima di deprecare
quarantine,verificare,POST,/api/settings/logo,settings,nessun riferimento noto (FE/scheduler/chat/test): verificare prima di deprecare
quarantine,verificare,GET,/api/settings/user-preferences,settings,nessun riferimento noto (FE/scheduler/chat/test): verificare prima di deprecare
quarantine,verificare,PUT,/api/settings/user-preferences,settings,nessun riferimento noto (FE/scheduler/chat/test): verificare prima di deprecare
quarantine,verificare,GET,/api/settings/anthropic,settings_router,nessun riferimento noto (FE/scheduler/chat/test): verificare prima di deprecare
quarantine,verificare,POST,/api/settings/anthropic,settings_router,nessun riferimento noto (FE/scheduler/chat/test): verificare prima di deprecare
quarantine,verificare,POST,/api/settings/anthropic/test,settings_router,nessun riferimento noto (FE/scheduler/chat/test): verificare prima di deprecare
active,tenere,GET,/api/settings/gmail,settings_router,in uso: FE
active,tenere,POST,/api/settings/gmail,settings_router,in uso: FE
active,tenere,POST,/api/settings/gmail/test,settings_router,in uso: FE
active,tenere,GET,/api/settings/openai,settings_router,in uso: FE
active,tenere,POST,/api/settings/openai,settings_router,in uso: FE
active,tenere,POST,/api/settings/openai/test,settings_router,in uso: FE
quarantine,verificare,POST,/api/sumup/bonifica-accrediti-numia,sumup,nessun riferimento noto (FE/scheduler/chat/test): verificare prima di deprecare
quarantine,verificare,GET,/api/sumup/bonifica-pos-xml,sumup,nessun riferimento noto (FE/scheduler/chat/test): verificare prima di deprecare
quarantine,verificare,POST,/api/sumup/bonifica-pos-xml,sumup,nessun riferimento noto (FE/scheduler/chat/test): verificare prima di deprecare
quarantine,verificare,POST,/api/sumup/normalizza-descrizioni-pos,sumup,nessun riferimento noto (FE/scheduler/chat/test): verificare prima di deprecare
active,tenere,GET,/api/sumup/riepilogo,sumup,in uso: FE
quarantine,verificare,POST,/api/sumup/sincronizza,sumup,nessun riferimento noto (FE/scheduler/chat/test): verificare prima di deprecare
active,tenere,GET,/api/sumup/stato,sumup,in uso: FE
active,tenere,GET,/api/suppliers,suppliers_module.base,in uso: FE
active,tenere,POST,/api/suppliers,suppliers_module.base,in uso: FE
active,tenere,GET,/api/suppliers/filtered,suppliers_module.base,in uso: FE
active,tenere,GET,/api/suppliers/scadenze,suppliers_module.base,in uso: FE
active,tenere,GET,/api/suppliers/search-piva/{partita_iva},suppliers_module.base,in uso: FE
active,tenere,GET,/api/suppliers/stats,suppliers_module.base,in uso: FE
active,tenere,DELETE,/api/suppliers/{supplier_id},suppliers_module.base,in uso: FE
active,tenere,GET,/api/suppliers/{supplier_id},suppliers_module.base,in uso: FE
active,tenere,PUT,/api/suppliers/{supplier_id},suppliers_module.base,in uso: FE
active,tenere,GET,/api/suppliers/{supplier_id}/dati-da-fatture,suppliers_module.base,in uso: FE
active,tenere,GET,/api/suppliers/{supplier_id}/fatturato,suppliers_module.base,in uso: FE
active,tenere,GET,/api/suppliers/{supplier_id}/fatture,suppliers_module.base,in uso: FE
active,tenere,GET,/api/suppliers/{supplier_id}/iban-from-invoices,suppliers_module.base,in uso: FE
active,tenere,PUT,/api/suppliers/{supplier_id}/metodo-pagamento,suppliers_module.base,in uso: FE
active,tenere,PUT,/api/suppliers/{supplier_id}/nome,suppliers_module.base,in uso: FE
active,tenere,POST,/api/suppliers/{supplier_id}/toggle-active,suppliers_module.base,in uso: FE
active,tenere,POST,/api/suppliers/aggiorna-metodi-bulk,suppliers_module.bulk,in uso: FE
active,tenere,POST,/api/suppliers/aggiorna-tutti-bulk,suppliers_module.bulk,in uso: FE
active,tenere,POST,/api/suppliers/correggi-nomi-mancanti,suppliers_module.bulk,in uso: FE
active,tenere,POST,/api/suppliers/elimina-senza-fatture,suppliers_module.bulk,in uso: FE
active,tenere,POST,/api/suppliers/ripara-sconosciuti,suppliers_module.bulk,in uso: FE
active,tenere,POST,/api/suppliers/sincronizza-da-fatture,suppliers_module.bulk,in uso: FE
active,tenere,POST,/api/suppliers/ricerca-iban-singolo/{supplier_id},suppliers_module.iban,in uso: FE
active,tenere,POST,/api/suppliers/ricerca-iban-web,suppliers_module.iban,in uso: FE
active,tenere,POST,/api/suppliers/sync-iban,suppliers_module.iban,in uso: FE
active,tenere,POST,/api/suppliers/import-excel,suppliers_module.import_export,in uso: FE
active,tenere,POST,/api/suppliers/upload-excel,suppliers_module.import_export,in uso: FE
active,tenere,POST,/api/suppliers/aggiorna-dizionario-metodo,suppliers_module.validation,in uso: FE
active,tenere,GET,/api/suppliers/dizionario-metodi-pagamento,suppliers_module.validation,in uso: FE
active,tenere,GET,/api/suppliers/payment-methods,suppliers_module.validation,in uso: FE
active,tenere,GET,/api/suppliers/payment-terms,suppliers_module.validation,in uso: FE
active,tenere,GET,/api/suppliers/validazione-p0,suppliers_module.validation,in uso: FE
quarantine,verificare,GET,/api/sync/fatture-cassa-dettaglio,sync_relazionale,nessun riferimento noto (FE/scheduler/chat/test): verificare prima di deprecare
active,tenere,POST,/api/sync/match-fatture-banca,sync_relazionale,in uso: FE
active,tenere,POST,/api/sync/match-fatture-cassa,sync_relazionale,in uso: FE
active,tenere,GET,/api/sync/stato-sincronizzazione,sync_relazionale,in uso: FE
quarantine,verificare,POST,/api/sync/sync-all-corrispettivi,sync_relazionale,nessun riferimento noto (FE/scheduler/chat/test): verificare prima di deprecare
quarantine,verificare,POST,/api/sync/sync-corrispettivo/{corrispettivo_id},sync_relazionale,nessun riferimento noto (FE/scheduler/chat/test): verificare prima di deprecare
quarantine,verificare,POST,/api/sync/sync-fattura/{fattura_id},sync_relazionale,nessun riferimento noto (FE/scheduler/chat/test): verificare prima di deprecare
quarantine,verificare,PUT,/api/sync/update-fattura-everywhere/{fattura_id},sync_relazionale,nessun riferimento noto (FE/scheduler/chat/test): verificare prima di deprecare
quarantine,verificare,POST,/api/tfr/accantonamento,tfr,nessun riferimento noto (FE/scheduler/chat/test): verificare prima di deprecare
quarantine,verificare,POST,/api/tfr/acconti,tfr,nessun riferimento noto (FE/scheduler/chat/test): verificare prima di deprecare
quarantine,verificare,DELETE,/api/tfr/acconti/{acconto_id},tfr,nessun riferimento noto (FE/scheduler/chat/test): verificare prima di deprecare
quarantine,verificare,PUT,/api/tfr/acconti/{acconto_id},tfr,nessun riferimento noto (FE/scheduler/chat/test): verificare prima di deprecare
quarantine,verificare,POST,/api/tfr/acconti/{acconto_id}/annulla-riconciliazione-banca,tfr,nessun riferimento noto (FE/scheduler/chat/test): verificare prima di deprecare
quarantine,verificare,GET,/api/tfr/acconti/{acconto_id}/candidati-banca,tfr,nessun riferimento noto (FE/scheduler/chat/test): verificare prima di deprecare
quarantine,verificare,POST,/api/tfr/acconti/{acconto_id}/riconcilia-banca,tfr,nessun riferimento noto (FE/scheduler/chat/test): verificare prima di deprecare
quarantine,verificare,GET,/api/tfr/acconti/{dipendente_id},tfr,nessun riferimento noto (FE/scheduler/chat/test): verificare prima di deprecare
quarantine,verificare,POST,/api/tfr/calcola-batch/{anno},tfr,nessun riferimento noto (FE/scheduler/chat/test): verificare prima di deprecare
quarantine,verificare,POST,/api/tfr/cedolini/{cedolino_id}/annulla-scalatura-acconti,tfr,nessun riferimento noto (FE/scheduler/chat/test): verificare prima di deprecare
quarantine,verificare,GET,/api/tfr/cedolini/{cedolino_id}/preview-scalatura-acconti,tfr,nessun riferimento noto (FE/scheduler/chat/test): verificare prima di deprecare
quarantine,verificare,POST,/api/tfr/cedolini/{cedolino_id}/scala-acconti,tfr,nessun riferimento noto (FE/scheduler/chat/test): verificare prima di deprecare
quarantine,verificare,POST,/api/tfr/liquidazione,tfr,nessun riferimento noto (FE/scheduler/chat/test): verificare prima di deprecare
quarantine,verificare,GET,/api/tfr/parse-payslips,tfr,nessun riferimento noto (FE/scheduler/chat/test): verificare prima di deprecare
active,tenere,GET,/api/tfr/riepilogo-aziendale,tfr,in uso: FE
active,tenere,GET,/api/tfr/situazione/{dipendente_id},tfr,in uso: FE
quarantine,verificare,GET,/api/tfr/storico-tfr/{dipendente_id},tfr,nessun riferimento noto (FE/scheduler/chat/test): verificare prima di deprecare
active,tenere,GET,/api/utenti,utenti,in uso: FE
active,tenere,POST,/api/utenti,utenti,in uso: FE
active,tenere,DELETE,/api/utenti/{utente_id},utenti,in uso: FE
active,tenere,PUT,/api/utenti/{utente_id},utenti,in uso: FE
active,tenere,POST,/api/verbali-noleggio/associa-pdf/{numero_verbale:path},verbali_noleggio,in uso: FE
active,tenere,POST,/api/verbali-noleggio/correggi-importo/{numero_verbale:path},verbali_noleggio,in uso: FE
active,tenere,POST,/api/verbali-noleggio/correggi-trasgressore/{numero_verbale:path},verbali_noleggio,in uso: FE
active,tenere,GET,/api/verbali-noleggio/dettaglio/{numero_verbale},verbali_noleggio,in uso: FE
active,tenere,GET,/api/verbali-noleggio/pdf/{numero_verbale:path},verbali_noleggio,in uso: FE
active,tenere,POST,/api/verbali-noleggio/ricalcola-pdf/{numero_verbale:path},verbali_noleggio,in uso: FE
active,tenere,GET,/api/verbali-noleggio/verbali-completi,verbali_noleggio,in uso: chat
active,tenere,GET,/api/verbali-noleggio/dettaglio/{numero_verbale:path},verbali_noleggio_api,"in uso: FE, scheduler"
active,tenere,POST,/api/verbali-noleggio/{verbale_id}/upload-quietanza,verbali_noleggio_api,in uso: scheduler
active,tenere,POST,/api/verbali-riconciliazione/collega-driver-massivo,verbali_riconciliazione,"in uso: FE, scheduler"
active,tenere,GET,/api/verbali-riconciliazione/dashboard,verbali_riconciliazione,"in uso: FE, scheduler"
active,tenere,POST,/api/verbali-riconciliazione/import-partenopay,verbali_riconciliazione,in uso: scheduler
active,tenere,GET,/api/verbali-riconciliazione/lista,verbali_riconciliazione,"in uso: FE, scheduler"
quarantine,admin-only,POST,/api/verbali-riconciliazione/migra-attesa-quietanza,verbali_riconciliazione,"endpoint di migrazione/manutenzione one-shot: tenere ma Admin-only, disabilitabile, documentato, non esposto a lungo (§7)"
active,tenere,POST,/api/verbali-riconciliazione/pulisci-duplicati,verbali_riconciliazione,"in uso: FE, scheduler"
active,tenere,POST,/api/verbali-riconciliazione/riconcilia/{numero_verbale},verbali_riconciliazione,"in uso: FE, scheduler"
active,tenere,POST,/api/verbali-riconciliazione/scan-email,verbali_riconciliazione,"in uso: FE, scheduler"
active,tenere,POST,/api/verbali-riconciliazione/scan-fatture-verbali,verbali_riconciliazione,"in uso: FE, scheduler"
active,tenere,POST,/api/verbali-riconciliazione/scan-gmail-attendibili,verbali_riconciliazione,in uso: scheduler
active,tenere,GET,/api/verifica-coerenza/completa/{anno},verifica_coerenza,in uso: FE
active,tenere,GET,/api/verifica-coerenza/confronto-iva-completo/{anno},verifica_coerenza,in uso: FE
quarantine,verificare,GET,/api/verifica-coerenza/discrepanze/{anno},verifica_coerenza,nessun riferimento noto (FE/scheduler/chat/test): verificare prima di deprecare
active,tenere,GET,/api/verifica-coerenza/iva/{anno}/{mese},verifica_coerenza,in uso: FE
quarantine,verificare,GET,/api/verifica-coerenza/riepilogo-giornaliero,verifica_coerenza,nessun riferimento noto (FE/scheduler/chat/test): verificare prima di deprecare
quarantine,verificare,GET,/api/verifica-coerenza/verifica-bonifici-vs-banca/{anno},verifica_coerenza,nessun riferimento noto (FE/scheduler/chat/test): verificare prima di deprecare
quarantine,verificare,GET,/api/verifica-coerenza/widget,verifica_coerenza,nessun riferimento noto (FE/scheduler/chat/test): verificare prima di deprecare
active,tenere,POST,/api/voci-bilancio/,voci_bilancio,in uso: FE
active,tenere,GET,/api/voci-bilancio/codici-disponibili,voci_bilancio,in uso: FE
active,tenere,GET,/api/voci-bilancio/{anno},voci_bilancio,in uso: FE
active,tenere,DELETE,/api/voci-bilancio/{voce_id},voci_bilancio,in uso: FE
active,tenere,PUT,/api/dizionario-articoli/articolo/{descrizione_encoded},warehouse.dizionario_articoli,in uso: FE
quarantine,verificare,POST,/api/dizionario-articoli/categorizza-ai,warehouse.dizionario_articoli,nessun riferimento noto (FE/scheduler/chat/test): verificare prima di deprecare
quarantine,verificare,GET,/api/dizionario-articoli/cerca,warehouse.dizionario_articoli,nessun riferimento noto (FE/scheduler/chat/test): verificare prima di deprecare
quarantine,verificare,GET,/api/dizionario-articoli/dizionario,warehouse.dizionario_articoli,nessun riferimento noto (FE/scheduler/chat/test): verificare prima di deprecare
quarantine,verificare,GET,/api/dizionario-articoli/estrai-articoli,warehouse.dizionario_articoli,nessun riferimento noto (FE/scheduler/chat/test): verificare prima di deprecare
quarantine,verificare,POST,/api/dizionario-articoli/genera-dizionario,warehouse.dizionario_articoli,nessun riferimento noto (FE/scheduler/chat/test): verificare prima di deprecare
quarantine,verificare,GET,/api/dizionario-articoli/non-classificati,warehouse.dizionario_articoli,nessun riferimento noto (FE/scheduler/chat/test): verificare prima di deprecare
quarantine,admin-only,DELETE,/api/dizionario-articoli/reset-dizionario,warehouse.dizionario_articoli,"endpoint di migrazione/manutenzione one-shot: tenere ma Admin-only, disabilitabile, documentato, non esposto a lungo (§7)"
quarantine,verificare,POST,/api/dizionario-articoli/ricategorizza-fatture,warehouse.dizionario_articoli,nessun riferimento noto (FE/scheduler/chat/test): verificare prima di deprecare
active,tenere,POST,/api/dizionario-articoli/riclassifica-completo,warehouse.dizionario_articoli,in uso: FE
quarantine,verificare,GET,/api/dizionario-articoli/statistiche,warehouse.dizionario_articoli,nessun riferimento noto (FE/scheduler/chat/test): verificare prima di deprecare
quarantine,verificare,POST,/api/whatsapp/send,whatsapp_webhook,nessun riferimento noto (FE/scheduler/chat/test): verificare prima di deprecare
quarantine,verificare,POST,/api/whatsapp/send-test,whatsapp_webhook,nessun riferimento noto (FE/scheduler/chat/test): verificare prima di deprecare
quarantine,verificare,GET,/api/whatsapp/status,whatsapp_webhook,nessun riferimento noto (FE/scheduler/chat/test): verificare prima di deprecare
quarantine,verificare,GET,/api/whatsapp/webhook,whatsapp_webhook,nessun riferimento noto (FE/scheduler/chat/test): verificare prima di deprecare
quarantine,verificare,POST,/api/whatsapp/webhook,whatsapp_webhook,nessun riferimento noto (FE/scheduler/chat/test): verificare prima di deprecare
